Название книги;Автор книги;Издатель книги;Цена со скидкой;Цена без скидки;Скидка
Идеальная работа. Программирование без прикрас;Мартин Роберт С.;Питер:Библиотека программиста;1 247;1 599;–22 %
Криптографические основы блокчейн-технологий;Ищукова;ДМК-Пресс:;1 075;2 388;–55 %
Web-программирование на Python. СПО;Янцев Валерий Викторович;Лань:Компьютеры и программное обеспечение;1 681;3 735;–55 %
Go. Идиомы и паттерны проектирования;Боднер Джон;Питер:Бестселлеры O`Reilly;2 588;3 318;–22 %
Python. Чистый код для продолжающих;Свейгарт Эл;Питер:Библиотека программиста;2 075;2 660;–22 %
Как проектировать программы;Фелляйзен;ДМК-Пресс:;2 587;5 749;–55 %
Введение в программирование и структуры данных;Фислер;ДМК-Пресс:;1 940;4 312;–55 %
Введение в гибридные технологии разработки мобильных приложений. Учебное пособие. СПО;Заяц;Лань:Компьютеры и программное обеспечение;1 006;2 235;–55 %
Программирование в САПР. Учебное пособие;Лянг Виктор Федорович;ИНФРА-М:Высшее образование. Бакалавриат;2 496;5 547;–55 %
Введение в гибридные технологии разработки мобильных приложений. Учебное пособие;Васильев;Лань:Учебники для вузов. Специальная литература;1 758;3 907;–55 %
SQL. Быстрое погружение;Шилдс Уолтер;Питер:Библиотека программиста;1 164;1 492;–22 %
Spring Boot по-быстрому;Хеклер Марк;Питер:Бестселлеры O`Reilly;2 197;2 817;–22 %
Параллельное программирование на современном С++;Гримм Райнер;ДМК-Пресс:;2 587;5 749;–55 %
Устройство и программирование автономных роботов. Проекты на Python и Raspberry PI;Стейпл Дэнни;ДМК-Пресс:;1 509;3 354;–55 %
Практический хакинг интернета вещей;Чанцис;ДМК-Пресс:;2 329;5 176;–55 %
Spring в действии;Уоллс Крейг;ДМК-Пресс:;2 587;5 749;–55 %
Практическое введение в решение дифференциальных уравнений в Python;Ершов Николай Михайлович;ДМК-Пресс:;1 161;2 580;–55 %
Open Source. Разработка программ с открытым исходным кодом;Эгбал Надья;Питер:Библиотека программиста;2 204;2 826;–22 %
Теоретический минимум по Computer Science. Сети, криптография и data science;Феррейра;Питер:Библиотека программиста;1 158;1 484;–22 %
Программирование в Roblox. Сделать игру - проще простого;Брамбо Зандер;ДМК-Пресс:;1 161;2 580;–55 %
Алгоритмы. Самый краткий и понятный курс;Луридас Панос;Бомбора:Библиотека MIT;620;849;–27 %
Масштабируемый рефакторинг. Возвращаем контроль над кодом;Лемер Мод;Питер:Бестселлеры O`Reilly;1 496;1 918;–22 %
Многопоточный JavaScript;Хантер;ДМК-Пресс:;1 393;3 095;–55 %
JavaScript. Визуальные редакторы. Учебное пособие для СПО;Янцев Валерий Викторович;Лань:Компьютеры и программное обеспечение;1 257;2 794;–55 %
JavaScript. Визуальные редакторы. Учебное пособие для вузов;Янцев Валерий Викторович;Лань:Компьютеры и программное обеспечение;1 257;2 794;–55 %
Языки программирования и методы трансляции. Учебное пособие для вузов;Свердлов Сергей Залманович;Лань:Компьютеры и программное обеспечение;2 042;4 537;–55 %
Алгоритмы Data Science и их практическая реализация на Python;Протодьяконов;Инфра-Инженерия:;1 429;3 176;–55 %
Графический анализ на языке R. Учебно-методическое пособие;Лукьянов Павел Борисович;Прометей:;525;1 167;–55 %
Head First. Изучаем C#;Стиллмен;Питер:Head First (O'Reilly);2 666;3 418;–22 %
Основы алгоритмизации и программирования на Visual C++. Учебное пособие;Гуриков Сергей Ростиславович;ИНФРА-М:Высшее образование. Бакалавриат;2 322;5 159;–55 %
Дисциплина программирования. Матем.обеспечение ЭВМ;Дейкстра Э.;RUGRAM:ЁЁ Медиа;2 246;2 880;–22 %
Программирование на языке Си. Учебное пособие для вузов;Рацеев Сергей Михайлович;Лань:Компьютеры и программное обеспечение;1 801;4 003;–55 %
Руткиты и буткиты. Обратная разработка вредоносных программ и угрозы следующего поколения;Матросов;ДМК-Пресс:;2 090;4 644;–55 %
Профессиональный бенчмарк. Искусство измерения производительности;Акиньшин Андрей;Питер:Библиотека программиста;2 600;3 333;–22 %
Язык программирования C# 9 и платформа .NET 5: основные принципы и практики программирования;Троелсен;Диалектика:;4 968;11 040;–55 %
Этичный хакинг. Практическое руководство по взлому;Грэм Дэниел Г.;Питер:Библиотека программиста;2 069;2 652;–22 %
Основы построения экономических моделей в Excel. Учебник для СПО;Воскобойников;Лань:Компьютеры и программное обеспечение;1 153;2 563;–55 %
Программирование на языке Си.Учебное пособие для СПО;Рацеев Сергей Михайлович;Лань:Компьютеры и программное обеспечение;1 706;3 791;–55 %
JavaScript.Как писать программы.Учебное пособие для вузов;Янцев Валерий Викторович;Лань:Компьютеры и программное обеспечение;1 233;2 740;–55 %
JavaScript.Как писать программы Учебное пособие для СПО;Янцев Валерий Викторович;Лань:Компьютеры и программное обеспечение;1 233;2 740;–55 %
Теория автоматического управления в примерах и задачах с решениями в MATLAB. Учебное пособие;Гайдук;Лань:Учебники для вузов. Специальная литература;2 073;4 607;–55 %
Язык программирования С++;Страуструп Бьерн;Бином:;1 404;3 120;–55 %
Построение распределенных систем на базе WebSocket. Учебное пособие для вузов;Хабаров;Лань:Компьютеры и программное обеспечение;1 320;2 933;–55 %
Svelte и Sapper в действии;Волкманн Марк;Питер:Для профессионалов;3 848;4 933;–22 %
Хочу в геймдев! Основы игровой разработки для начинающих;Уточкин;Бомбора:Российский компьютерный бестселлер;965;1 322;–27 %
Разработка игр и теория развлечений;Костер Рэф;ДМК-Пресс:;1 277;2 837;–55 %
Структуры данных в Python. Начальный курс;Шихи Дональд Р.;ДМК-Пресс:;1 044;2 321;–55 %
Большая книга проектов Python;Свейгарт Эл;Питер:;1 548;1 985;–22 %
Отзывчивый дизайн на HTML5 и CSS3 для любых устройств;Фрэйн Бен;Питер:;2 079;2 666;–22 %
Глубокое обучение с подкреплением. Теория и практика на языке Python;Грессер;Питер:Библиотека программиста;2 328;2 984;–22 %
Искусство WebAssembly. Создание безопасных межплатформенных высокопроизводительных приложений;Баттальини Рик;ДМК-Пресс:;1 161;2 580;–55 %
Микросервисы Spring в действии;Карнелл;ДМК-Пресс:;2 200;4 888;–55 %
Осваиваем архитектуру Transformer. Разработка современных моделей с помощью передовых методов;Йылдырым;ДМК-Пресс:;1 741;3 869;–55 %
Основы юзабилити-тестирования;Барнум Кэрол М.;ДМК-Пресс:;2 070;4 600;–55 %
Творческие проекты с микроконтроллером в среде TinyGo и WebAssembly;Тил Тобиас;ДМК-Пресс:;1 277;2 837;–55 %
Программирование на Python. Первые шаги;Щерба Анастасия Владимировна;Лаборатория знаний:Школа юного программиста;557;1 238;–55 %
Вычисления в кольцах некоммутативных многочленов. Учебное пособие для вузов;Цирулик Владимир Григорьевич;Лань:Компьютеры и программное обеспечение;1 809;4 021;–55 %
Практический анализ двоичных файлов;Эндриесс Дэннис;ДМК-Пресс:;1 974;4 386;–55 %
Изучаем C# через разработку игр на Unity;Ферроне Харрисон;Питер:Библиотека программиста;1 548;1 985;–22 %
Основы алгоритмизации и программирования на языке Паскаль. Лабораторный практикум. Учебное пособие;Коренская Ирина Николаевна;Лань:Компьютеры и программное обеспечение;715;1 588;–55 %
Наиболее эффективное использование С++. 35 новых рекомендаций  по улучшению ваших программ;Мейерс Скотт;ДМК-Пресс:Для программистов;813;1 806;–55 %
Введение в надежное и безопасное распределенное программирование;Качина;ДМК-Пресс:;1 294;2 875;–55 %
C# 6.0. Карманный справочник;Албахари;Вильямс:;470;1 044;–55 %
Разработка веб-приложений с использованием Flask на языке Python;Гринберг Мигель;ДМК-Пресс:;1 132;2 515;–55 %
Python. К вершинам мастерства;Рамальо Лучано;ДМК-Пресс:;1 552;3 449;–55 %
Введение в ECMAScript 6;Прасти Нараян;ДМК-Пресс:;580;1 289;–55 %
Программирование для Windows на С/С++. В 2-х томах. Том 2;Мартынов Николай Николаевич;Бином:;248;550;–55 %
Программирование мобильных устройств на платформе .Net Compact Framework;Самре Иво;Вильямс:;600;1 334;–55 %
Разработка приложений для iPhone, iPad и iPod touch с использованием iOS SDK;Марк;Вильямс:;1 166;2 592;–55 %
Silverlight 5 с примерами на C# для профессионалов;Мак-Дональд Мэтью;Вильямс:;1 544;3 431;–55 %
Java EE 7. Основы;Гупта Арун;Вильямс:;772;1 715;–55 %
Java SE 8. Вводный курс;Хорстманн Кей С.;Вильямс:;772;1 715;–55 %
Joomla! Для профессионалов;Рамел Дэн;Вильямс:;1 286;2 858;–55 %
Microsoft Exchange Server 2013. Полное руководство;Моримото;Вильямс:;2 573;5 717;–55 %
WinRT. программирование на C# для профессионалов;Рихтер;Вильямс:;1 286;2 858;–55 %
Программирование для iOS 7. Основы Objective-C, Xcode и Cocoa;Нойбург Мэтт;Вильямс:;1 030;2 288;–55 %
Руководство для программиста на Java. 75 рекомендаций по написанию надежных и защищенных программ;Лонг;Вильямс:;687;1 526;–55 %
ASP.NET MVC 5 с примерами на C# 5.0 для профессионалов;Фримен Адам;Вильямс:;2 573;5 717;–55 %
Drupal 7. Руководство пользователя;Колисниченко Денис Николаевич;Диалектика:;267;593;–55 %
Joomla 2.5. Руководство пользователя;Колисниченко Денис Николаевич;Диалектика:;429;953;–55 %
C# 5.0 и платформа .NET 4.5 для профессионалов;Глинн;Диалектика:;1 972;4 383;–55 %
Python на практике;Саммерфилд Марк;ДМК-Пресс:Профессиональная серия программиста;929;2 064;–55 %
Линейное программирование. Руководство к решению задач;Лунгу Константин Никитович;Физматлит:;203;452;–55 %
Поисковая адаптация. Теория и практика;Курейчик;Физматлит:Информационные и компьютерные технологии;415;922;–55 %
Методы оптимальных решений. В 2 томах. Том 1. Общие положения. Математическое программирование;Соколов;Физматлит:;1 017;2 259;–55 %
Методы оптимальных решений. В 2 томах. Том 2. Многокритериальность. Динамика. Неопределенность;Токарев Владислав Васильевич;Физматлит:;965;2 145;–55 %
Компьютерное моделирование логических процессов. Архитектура и язык решателя задач;Подколзин Александр Сергеевич;Физматлит:;1 072;2 383;–55 %
Дизайн и эволюция языка С++;Страуструп Бьерн;ДМК-Пресс:Для программистов;970;2 155;–55 %
Программирование в Delphi. Учебник по классическим версиям Delphi (+CD);Архангельский Алексей Яковлевич;Бином:;941;2 092;–55 %
Обработка естественного языка на Java;Риз Ричард;ДМК-Пресс:;813;1 806;–55 %
Теория вычислений для программистов;Стюарт Том;ДМК-Пресс:Теория программирования;929;2 064;–55 %
Алгоритмы и структуры данных. Новая версия для Оберона;Вирт Никлаус;ДМК-Пресс:Классика программирования;522;1 161;–55 %
Искусство поиска решения в нестандартной задаче;Потопахин Виталий Валерьевич;ДМК-Пресс:Прикладное программирование;352;783;–55 %
Программирование на Python для начинающих;МакГрат Майк;Эксмо-Пресс:Программирование для начинающих;673;922;–27 %
Применение Web-стандартов. CSS и Ajax для больших сайтов;Шмитт;Корона-Принт:;206;458;–55 %
Автоматизированные информационно-управляющие системы с применением SCADA-системы TRACE MODE;Пьявченко Тамила Алексеевна;Лань:Учебники для вузов. Специальная литература;1 257;2 794;–55 %
ATDD. Разработка программного обеспечения через приемочные тесты. Практический подход;Гэртнер Маркус;ДМК-Пресс:;840;1 866;–55 %
Читаем Тьюринга. Путешествие по исторической статье Тьюринга о вычислимости и машинах Тьюринга;Петцольд Чарльз;ДМК-Пресс:Классика программирования;929;2 064;–55 %
Шейдеры и эффекты в Unity. Книга рецептов;Ламмерс Кенни;ДМК-Пресс:;638;1 417;–55 %
JavaScript и jQuery. Исчерпывающее руководство;Макфарланд Дэвид;Эксмо:Мировой компьютерный бестселлер;1 772;2 427;–27 %
Полезное программирование. Уникальное руководство;Комлев Николай Юрьевич;Солон-пресс:Библиотека профессионала;609;1 353;–55 %
Visual FoxPro 9.0. Учебный курс;Информация не найдена;Корона-Принт:;372;827;–55 %
MATLAB и SIMULINK для радиоинженеров;Дьяконов Владимир Павлович;ДМК-Пресс:Математика и Matlab;1 682;3 738;–55 %
Справочник по языку Haskell;Душкин Роман Викторович;ДМК-Пресс:;840;1 866;–55 %
Программирование на ассемблере на платформе x86-64;Аблязов Руслан Зуфярович;ДМК-Пресс:;582;1 294;–55 %
Семантический веб;Антониоу;ДМК-Пресс:;696;1 547;–55 %
Функциональное программирование на языке Haskell;Душкин Роман Викторович;ДМК-Пресс:;906;2 013;–55 %
Программирование на языке Go. Разработка приложений XXI века;Саммерфильд Марк;ДМК-Пресс:Профессиональное программирование;1 161;2 580;–55 %
Разработка программного обеспечения: управление изменениями;Белладжио;ДМК-Пресс:;562;1 249;–55 %
От математики к обобщенному программированию;Степанов;ДМК-Пресс:;696;1 547;–55 %
Изучаем программирование на JavaScript;Фримен;Питер:Head First (O'Reilly);2 377;3 048;–22 %
Путь Ruby;Фултон;ДМК-Пресс:Профессиональная серия программиста;1 161;2 580;–55 %
Программирование на Objective-C;Кочан Стивен;Эком:Библиотека разработчика;1 162;2 582;–55 %
Изучаем Spark;Карау;ДМК-Пресс:;753;1 674;–55 %
Статистический анализ и визуализация данных с помощью R;Мастицкий;ДМК-Пресс:;1 035;2 301;–55 %
LLVM. Инфраструктура для разработки компиляторов;Кардос;ДМК-Пресс:;811;1 802;–55 %
OpenGL ES 3.0. Руководство разработчика;Гинсбург;ДМК-Пресс:;1 044;2 321;–55 %
Современный Фортран на практике;Маркус Арьен;ДМК-Пресс:;870;1 934;–55 %
Elastix - общайтесь свободно!;Юров Владислав;Эком:;704;1 565;–55 %
Квантовые вычисления и функциональное программирование;Душкин Роман Викторович;ДМК-Пресс:;410;911;–55 %
Проектирование информационных систем. Учебное пособие. СПО;Вейцман Владимир Моисеевич;Лань:Компьютеры и программное обеспечение;1 384;3 076;–55 %
Создание сайтов на основе WordPress. Учебное пособие для СПО;Сергеев Алексей Николаевич;Лань:Компьютеры и программное обеспечение;602;1 338;–55 %
Интеграция управления программой и системной инженерии. Методы, инструменты и организационные систем;Мицуфуджи;ДМК-Пресс:;1 741;3 869;–55 %
Современный JavaScript для нетерпеливых;Хорстман Кэй С.;ДМК-Пресс:;1 044;2 321;–55 %
Инфокоммуникационные системы. Учебник;Журавлев;Лань:Компьютеры и программное обеспечение;1 831;4 069;–55 %
Инфокоммуникационные системы. Учебник;Журавлев;Лань:Компьютеры и программное обеспечение;1 776;3 947;–55 %
Программирование на Rust. Официальный гайд;Клабник;Питер:Для профессионалов;3 132;4 015;–22 %
Проектирование информационных систем. Учебное пособие;Коваленко Владимир Васильевич;Форум:Высшее образование: Бакалавриат;1 540;3 422;–55 %
Профессиональный TypeScript. Разработка масштабируемых JavaScript-приложений;Черный Борис;Питер:Бестселлеры O`Reilly;1 558;1 998;–22 %
Подробное руководство по DAX: бизнес-аналитика с Microsoft Power Bl, SQL Server Analysis Services;Феррари;ДМК-Пресс:;2 380;5 289;–55 %
Хаос-инжиниринг;Розенталь;ДМК-Пресс:;1 161;2 580;–55 %
Цифровая обработка сигналов на системном уровне с использованием LabVIEW;Кехтарнаваз;ДМК-Пресс:;1 044;2 321;–55 %
Основы программирования. Учебник с практикумом;Макарова;Кнорус:Среднее профессиональное образование;1 062;2 359;–55 %
Дискретная оптимизация. Модели, методы, алгоритмы решения прикладных задач;Струченков Валерий Иванович;Солон-пресс:Библиотека профессионала;475;1 055;–55 %
Спортивное программирование;Халим;ДМК-Пресс:;1 857;4 127;–55 %
Python и наука о данных для чайников;Мюллер;Диалектика:;1 789;3 976;–55 %
Криптография - наука о тайнописи. Учебное пособие;Фомичев Владимир Михайлович;Прометей:;299;665;–55 %
Искусство тестирования программ;Сандлер;Диалектика:;2 573;5 717;–55 %
Прикладное программирование. Учебное пособие;Никифоров Сергей Николаевич;Лань:Среднее профессиональное образование;467;1 038;–55 %
Алгоритмы оптимизации;Кохендерфер;Вильямс:;3 858;8 574;–55 %
Мифический человеко-месяц, или Как создаются программные системы;Брукс Фредерик;Питер:Библиотека программиста;1 567;2 009;–22 %
Разработка приложений на С++ с использованием Boost. Рецепты, упрощающие разработку вашего приложени;Полухин Антон;ДМК-Пресс:;1 161;2 580;–55 %
Введение в язык Pascal. Учебное пособие;Абрамов;Кнорус:Среднее профессиональное образование;884;1 965;–55 %
Программирование квантовых компьютеров. Базовые алгоритмы и примеры кода;Химено-Сеговиа;Питер:Бестселлеры O`Reilly;1 634;2 095;–22 %
Разработка и реализац.портальн.решений: Практикум;Лукьянов;Прометей:;454;1 008;–55 %
Транспортная логистика (линейное программирование). Учебное пособие;Пашков Николай Николаевич;Прометей:;518;1 152;–55 %
Генетические алгоритмы на Python;Вирсански Эйял;ДМК-Пресс:;1 393;3 095;–55 %
C#. Основы программирования. Учебное пособие;Тюкачев;Лань:Учебники для вузов. Специальная литература;1 477;3 283;–55 %
Основы объектно-ориентированного программирования на базе языка С#. Учебное пособие;Залогова Любовь Алексеевна;Лань:Учебники для вузов. Специальная литература;569;1 264;–55 %
Обработка естественного языка в действии;Хобсон;Питер:Для профессионалов;2 781;3 565;–22 %
Golang для профи. Работа с сетью, многопоточность, структуры данных и машинное обучение с Go;Цукалос Михалис;Питер:Для профессионалов;4 058;5 203;–22 %
Эффективный TypeScript. 62 способа улучшить код;Вандеркам Дэн;Питер:Бестселлеры O`Reilly;1 572;2 016;–22 %
Istio. Приступаем к работе;Калькот;ДМК-Пресс:;1 161;2 580;–55 %
Апокалипсис криптографии. Подготовка к криптовалютным вычислениям;Граймс Роджер А.;ДМК-Пресс:;1 044;2 321;–55 %
Проектирование веб-API;Лоре Арно;ДМК-Пресс:;1 277;2 837;–55 %
Глубокое обучение в картинках. Визуальный гид по искусственному интеллекту;Крон;Питер:Библиотека программиста;1 558;1 998;–22 %
Глубокое обучение с подкреплением. AlphaGo и другие технологии;Лапань Максим;Питер:Для профессионалов;2 469;3 166;–22 %
Spring Boot 2. Лучшие практики для профессионалов;Гутьеррес Фелипе;Питер:Библиотека программиста;2 594;3 325;–22 %
Python. Искусственный интеллект, большие данные и облачные вычисления;Дейтел;Питер:Для профессионалов;3 146;4 033;–22 %
Эволюционные нейросети на языке Python;Омельяненко Ярослав;ДМК-Пресс:;1 161;2 580;–55 %
Алгоритмы обучения с подкреплением на Python;Лонца Андреа;ДМК-Пресс:;1 393;3 095;–55 %
Цифровой синтез. Практический курс;Романов;ДМК-Пресс:;1 625;3 611;–55 %
Системное программирование. Лабораторные работы. Учебное пособие;Жулабова Фатима Тахировна;Лань:Учебники для вузов. Специальная литература;691;1 535;–55 %
Программист-прагматик;Томас;Диалектика:;2 573;5 717;–55 %
Учимся программировать с примерами на Python;Фримен Эрик;Диалектика:Head First;2 573;5 717;–55 %
Параллельное программирование на C++ с помощью библиотеки TBB;Восс;ДМК-Пресс:;1 741;3 869;–55 %
Предметно-ориентированное проектирование в Enterprise Java;Наир Виджей;ДМК-Пресс:;1 161;2 580;–55 %
Генеративное глубокое обучение. Творческий потенциал нейронных сетей;Фостер Дэвид;Питер:Бестселлеры O`Reilly;2 086;2 674;–22 %
Анализ данных при помощи Microsoft Power BI и Power Pivot для Excel;Феррари;ДМК-Пресс:;1 219;2 709;–55 %
Распределенные системы реального времени. Теория и практика;Эрджиес Кайхан;ДМК-Пресс:;1 393;3 095;–55 %
Программирование на Python. Базовый курс;Седжвик;Вильямс:;1 972;4 383;–55 %
Нативная разработка мобильных приложений. Перекрестный справочник для iOS и Android;Льюис;ДМК-Пресс:;1 161;2 580;–55 %
Паттерны объектно-ориентированного проектирования;Гамма;Питер:Библиотека программиста;943;1 209;–22 %
Применение пакета MATLAB и SIMULINK для анализа электрических цепей. Том 1;Фриск;Солон-пресс:Библиотека студента;697;1 549;–55 %
Управление памятью в .NET для профессионалов;Кокоса Конрад;ДМК-Пресс:;2 653;5 895;–55 %
Исследование операций и методы оптимизации. Учебное пособие;Болотский;Лань:Учебники для вузов. Специальная литература;320;710;–55 %
Веб-компоненты в действии;Фаррелл Бен;ДМК-Пресс:;1 277;2 837;–55 %
Машинное обучение на R: экспертные техники для прогностического анализа;Ланц Бретт;Питер:Библиотека программиста;2 669;3 422;–22 %
Head First. Изучаем Go;Макгаврен Джей;Питер:Head First (O'Reilly);2 942;3 772;–22 %
Глубокое обучение. Погружение в мир нейронных сетей;Николенко;Питер:Библиотека программиста;1 424;1 826;–22 %
Методика моделирования динамики октокоптера;Щекатуров Александр Михайлович;ДМК-Пресс:;1 161;2 580;–55 %
Байесовская статистика. Star Wars, LEGO, резиновые уточки и многое другое;Курт Уилл;Питер:Библиотека программиста;2 560;3 282;–22 %
Python. Лучшие практики и инструменты;Яворски;Питер:Библиотека программиста;2 661;3 411;–22 %
C# 9.0. Карманный справочник;Албахари;Диалектика:;1 286;2 858;–55 %
Теория автоматического управления (с использованием MATLAB - SIMULINK). Учебное пособие;Пащенко;Лань:Компьютеры и программное обеспечение;1 886;4 191;–55 %
Обработка естественного языка. Python и spaCy на практике;Васильев Юрий;Питер:Библиотека программиста;1 424;1 826;–22 %
Python для финансовых расчетов;Хилпиш Ив;Диалектика:Самоучитель;6 210;13 800;–55 %
Разработка и анализ компьютерных алгоритмов;Ахо;Вильямс:;1 972;4 383;–55 %
Научное программирование на Python;Хилл Кристиан;ДМК-Пресс:;2 070;4 600;–55 %
C#. Алгоритмы и структуры данных (+CD). СПО;Тюкачев;Лань:Компьютеры и программное обеспечение;1 224;2 719;–55 %
C#. Программирование 2D и 3D векторной графики +CD. СПО;Тюкачев;Лань:Компьютеры и программное обеспечение;1 418;3 152;–55 %
Алгоритмизация и программирование. Практикум. СПО;Андрианова Анастасия Александровна;Лань:Компьютеры и программное обеспечение;1 007;2 237;–55 %
Организация беспроводных Ad Hoc и Hot Spot сетей в среде ОС Windows;Заяц;Лань:Компьютеры и программное обеспечение;1 121;2 492;–55 %
Построение распределенных систем на базе WebSocket. Учебное пособие;Хабаров;Лань:Компьютеры и программное обеспечение;1 057;2 348;–55 %
Практическое введение в язык программирования Си. СПО;Солдатенко;Лань:Компьютеры и программное обеспечение;716;1 591;–55 %
Проектирование и разработка WEB-приложений. Введение в frontend и backend разработку. СПО;Заяц;Лань:Компьютеры и программное обеспечение;737;1 638;–55 %
Простой Python для опытных программистов;Гаско Рик;Солон-пресс:Программирование;581;1 290;–55 %
Профессиональная разработка на Python;Уилкс Мэттью;ДМК-Пресс:;1 974;4 386;–55 %
Программируй & типизируй;Ришкуция Влад;Питер:Библиотека программиста;2 053;2 632;–22 %
Основы Python. Научитесь мыслить как программист;Дауни Аллен Б.;Манн, Иванов и Фербер:;1 234;1 691;–27 %
SimInTech. Преобразователи автономных источников электроэнергии;Калачёв;ДМК-Пресс:;870;1 934;–55 %
JavaScript. Готовые программы. Учебное пособие;Янцев Валерий Викторович;Лань:Компьютеры и программное обеспечение;943;2 096;–55 %
JavaScript. Готовые программы. СПО;Янцев Валерий Викторович;Лань:Компьютеры и программное обеспечение;972;2 159;–55 %
TypeScript быстро;Файн;Питер:Для профессионалов;2 288;2 933;–22 %
C# 8 и .NET Core. Разработка и оптимизация;Прайс Марк Дж.;Питер:Для профессионалов;3 294;4 223;–22 %
Разработка базы данных в Access. Учебное пособие;Волик Мария Владимировна;Прометей:;242;537;–55 %
Основы программирования на языке С. Учебное пособие;Гагарина;ИНФРА-М:Высшее образование. Бакалавриат;1 335;2 967;–55 %
Java. Быстрый старт;Чан Джейми;Питер:Библиотека программиста;967;1 240;–22 %
Python. Быстрый старт;Чан Джейми;Питер:Библиотека программиста;931;1 194;–22 %
C++ для профи;Лоспинозо Джош;Питер:Для профессионалов;2 989;3 832;–22 %
Интеллектуальные информационные системы и методы искусственного интеллекта;Андрейчиков;ИНФРА-М:Высшее образование. Магистратура;2 643;5 873;–55 %
Инструментальные средства разработки программного обеспечения Системы Fossil;Орещенков Игорь Сергеевич;Лань:Компьютеры и программное обеспечение;1 491;3 314;–55 %
Эффективный Java. Тюнинг кода на Java 8, 11 и дальше;Оукс Скотт;Питер:Бестселлеры O`Reilly;3 091;3 963;–22 %
gRPC. Запуск и эксплуатация облачных приложений. Go и Java для Docker и Kubernetes;Индрасири;Питер:Бестселлеры O`Reilly;1 634;2 095;–22 %
Python. Сборник упражнений;Стивенсон Бен;ДМК-Пресс:;813;1 806;–55 %
Совершенный алгоритм. Алгоритмы для NP-трудных задач;Рафгарден Тим;Питер:Библиотека программиста;1 731;2 219;–22 %
Стильный Java. Код, который работает всегда и везде;Фаэлла Марко;Питер:Библиотека программиста;2 228;2 856;–22 %
Внедрение зависимостей на платформе .NET;Симан;Питер:Для профессионалов;2 974;3 813;–22 %
Карьера программиста;Лакман Макдауэлл Гейл;Питер:Библиотека программиста;2 026;2 597;–22 %
Глубокое обучение. Легкая разработка проектов на Python;Вейдман Сет;Питер:Бестселлеры O`Reilly;2 660;3 410;–22 %
Паттерны проектирования для C# и платформы .NET Core;Арораа;Питер:Для профессионалов;3 189;4 089;–22 %
Структуры и алгоритмы обработки данных. Учебник для СПО;Павлов;Лань:Компьютеры и программное обеспечение;783;1 739;–55 %
Численные методы и программирование. Учебное пособие для СПО;Слабнов Виктор Дмитриевич;Лань:Компьютеры и программное обеспечение;2 197;4 882;–55 %
Технология разработки программного обеспечения. Учебное пособие для СПО;Зубкова Татьяна Михайловна;Лань:Компьютеры и программное обеспечение;1 320;2 933;–55 %
Изучаем C++ через программирование игр;Доусон Майкл;Питер:;1 300;1 667;–22 %
Совершенный софт. Совершенный софт - совершенная карьера;Леве Джувел;Питер:Для профессионалов;2 030;2 602;–22 %
Spark в действии. С примерами Java, Python и Scala;Перрен Жан-Жорж;ДМК-Пресс:;1 974;4 386;–55 %
Изучаем Power Query. Наглядный подход к подключению и преобразованию данных из множества источников;Фоукс;ДМК-Пресс:;1 294;2 875;–55 %
Секреты Python Pro;Хиллард Дейн;Питер:Для профессионалов;2 187;2 804;–22 %
Программирование на Python в примерах и задачах;Васильев Алексей Николаевич;Бомбора:Российский компьютерный бестселлер;1 124;1 540;–27 %
Моделирование и оптимизация процессов управления в технологических системах. Учебник;Колтунов;Кнорус:Магистратура;707;1 572;–55 %
Квантовые вычисления. Прикладной подход;Хидари Джек Д.;ДМК-Пресс:;1 161;2 580;–55 %
JavaScript. Полное руководство;Флэнаган Дэвид;Вильямс:;3 858;8 574;–55 %
Проектирование информационных систем. Методы и средства структурно-функционального проектирования;Гвоздева;Лань:Компьютеры и программное обеспечение;712;1 582;–55 %
Структуры дан.в C#.Лин.и нелин.динамич.структ.СПО;Симонова Елена Витальевна;Лань:Компьютеры и программное обеспечение;839;1 864;–55 %
Проектирование информационных систем. Стандартизация, техническое документирование информ. систем;Гвоздева;Лань:Компьютеры и программное обеспечение;935;2 077;–55 %
Системы отображения информации. Дискретные индикаторы. Учебник для вузов;Смирнов Виктор Михайлович;Лань:Компьютеры и программное обеспечение;1 453;3 228;–55 %
Инфокоммуникационные системы. Протоколы,интерфейсы. Практикум. СПО;Журавлев Антон Евгеньевич;Лань:Компьютеры и программное обеспечение;1 222;2 716;–55 %
Нечеткое моделирование и управление в технических системах. Учебное пособие для вузов;Кудинов;Лань:Компьютеры и программное обеспечение;1 320;2 933;–55 %
Мультимедийные технологии. Учебник для СПО;Катунин Геннадий Павлович;Лань:Компьютеры и программное обеспечение;1 991;4 425;–55 %
JavaScript для профессиональных веб-разработчиков;Фрисби Мэтт;Питер:Для профессионалов;3 309;4 242;–22 %
Осваиваем Ethereum. Создание смарт-контрактов и децентрализованных приложений;Антонопулос;Бомбора:Мировой компьютерный бестселлер;2 078;2 846;–27 %
SQL за 10 минут;Форта Бен;Вильямс:;1 286;2 858;–55 %
Облачные архитектуры. Разработка устойчивых и экономичных облачных приложений;Лащевски;Питер:Библиотека программиста;1 487;1 907;–22 %
Делай как в Google. Разработка программного обеспечения;Винтерс;Питер:Бестселлеры O`Reilly;2 702;3 464;–22 %
Программируем на C# 8.0. Разработка приложений;Гриффитс Иэн;Питер:Бестселлеры O`Reilly;3 757;4 817;–22 %
C# 9.0. Справочник. Полное описание языка;Албахари Джозеф;Диалектика:;4 544;10 097;–55 %
Изучаем квантовые вычисления на Python и Q#;Кайзер;ДМК-Пресс:;1 625;3 611;–55 %
Системы автоматического управления: теория, применение, моделирование в MATLAB. Учебное пособие;Ощепков Александр Юрьевич;Лань:Учебники для вузов. Специальная литература;1 334;2 964;–55 %
Коды с суммированием для систем технического диагностирования. В 2-х томах;Сапожников;Наука:;913;2 029;–55 %
Основы тестирования программного обеспечения. Учебное пособие для СПО;Старолетов Сергей Михайлович;Лань:Компьютеры и программное обеспечение;1 098;2 440;–55 %
Гид по Computer Science, расширенное издание;Спрингер Вильям;Питер:Библиотека программиста;1 087;1 393;–22 %
Computer Science. Основы программирования на Java, ООП, алгоритмы и структуры данных;Седжвик;Питер:;2 555;3 275;–22 %
Как работают компьютерные сети и интернет;Северанс Чарльз Р.;ДМК-Пресс:;753;1 674;–55 %
Разработка конвейеров машинного обучения. Автоматизация жизненных циклов модели с помощью TensorFlow;Ханнес;ДМК-Пресс:;1 219;2 709;–55 %
SQL для хранения, обработки и анализа данных;Туманов;Солон-пресс:Библиотека студента;463;1 028;–55 %
Безопасность веб-приложений. Разведка, защита, нападение;Хоффман Эндрю;Питер:Бестселлеры O`Reilly;2 311;2 963;–22 %
Распределенные данные. Алгоритмы работы современных систем хранения информации;Петров Алекс;Питер:Бестселлеры O`Reilly;2 503;3 209;–22 %
Безопасно by Design;Берг;Питер:Библиотека программиста;2 029;2 601;–22 %
Пакет прикладных программ. Учебное пособие;Шитов Виктор Николаевич;ИНФРА-М:Среднее профессиональное образование;1 458;3 240;–55 %
Программирование в САПР. Пространственное моделирование колонного аппарата в среде Autodesk Inventor;Лянг Виктор Федорович;ИНФРА-М:Высшее образование. Бакалавриат;1 335;2 967;–55 %
Искусство тестирования на проникновение в сеть;Дэвис Ройс;ДМК-Пресс:;1 294;2 875;–55 %
Построение пользовательских интерфейсов;Малышев Кирилл Викторович;ДМК-Пресс:;1 164;2 587;–55 %
Data Science для карьериста;Нолис;Питер:Библиотека программиста;2 342;3 003;–22 %
Экстремальный Cи. Параллелизм, ООП и продвинутые возможности;Амини Камран;Питер:Для профессионалов;2 847;3 650;–22 %
Программная инженерия. Учебное пособие;Маран Михкель Михкелевич;Лань:Учебники для вузов. Специальная литература;1 287;2 860;–55 %
Алгоритмы обработки текста. 125 задач с решениями;Крошемор;ДМК-Пресс:;1 294;2 875;–55 %
Аналитика в Power BI с помощью R и Python;Уэйд Райан;ДМК-Пресс:;1 509;3 354;–55 %
Программирование. Введение в профессию. Том 2. Системы и сети;Столяров Андрей Викторович;ДМК-Пресс:;2 200;4 888;–55 %
Программирование. Введение в профессию. Том 3. Парадигмы;Столяров Андрей Викторович;ДМК-Пресс:;2 200;4 888;–55 %
C#. Алгоритмы и структуры данных. Учебное пособие для вузов;Тюкачев;Лань:Компьютеры и программное обеспечение;2 249;4 998;–55 %
Python, например;Лейси Никола;Питер:Библиотека программиста;1 143;1 466;–22 %
Изучаем SQL. Генерация, выборка и обработка данных;Болье Алан;Диалектика:;2 573;5 717;–55 %
Знакомство с программированием на языке Processing;Риас;ДМК-Пресс:;870;1 934;–55 %
Принятие решений и феномен неопределенности. Учебное пособие;Клименко Игорь Семенович;Лань:Компьютеры и программное обеспечение;988;2 196;–55 %
C#. Основы программирования (+CD). Учебное пособие для СПО;Тюкачев;Лань:Компьютеры и программное обеспечение;1 418;3 152;–55 %
JavaScript для глубокого обучения. TensorFlow.js;Шолле;Питер:Библиотека программиста;3 249;4 166;–22 %
Введение в язык Си++;Столяров Андрей Викторович;ДМК-Пресс:;696;1 547;–55 %
Оформление программного кода;Столяров Андрей Викторович;ДМК-Пресс:;646;1 436;–55 %
Профессиональное программирование на ассемблере x64 с расширениями AVX, AVX2 и AVX-512;Куссвюрм Даниэль;ДМК-Пресс:;2 135;4 744;–55 %
Безопасность контейнеров. Фундаментальный подход к защите контейнеризированных приложений;Райс Лиз;Питер:Бестселлеры O`Reilly;2 075;2 660;–22 %
Те же 10 вопросов через 20 лет. Офис и компьютер;Проскурин Сергей Павлович;Деловой двор:;316;405;–22 %
Программирование. Введение в профессию. Том 1. Азы программирования;Столяров Андрей Викторович;ДМК-Пресс:;2 200;4 888;–55 %
Имитационное моделирование процессов и систем в АПК. Учебное пособие;Худякова;Колос:Учебники и учебные пособия для студентов вузов;1 524;3 386;–55 %
ВОСХОД программиста;Земцов А. Н.;Деловой двор:Хочу в СССР;920;1 180;–22 %
JavaScript с нуля;Чиннатамби Кирупа;Питер:Библиотека программиста;1 416;1 816;–22 %
Наглядный CSS;Сидельников Грег;Питер:Библиотека программиста;1 288;1 651;–22 %
Scala. Профессиональное программирование;Одерски;Питер:Библиотека программиста;4 887;6 266;–22 %
Основы разработки iOS-приложений на C# с помощью Xamarin. Учебное пособие для вузов;Умрихин Евгений Дмитриевич;Лань:Компьютеры и программное обеспечение;1 493;3 317;–55 %
Основы разработки iOS-приложений на C# с помощью Xamarin.СПО;Умрихин Евгений Дмитриевич;Лань:Компьютеры и программное обеспечение;1 423;3 162;–55 %
Программирование. Сборник задач. Учебное пособие для СПО;Маран;Лань:Компьютеры и программное обеспечение;879;1 953;–55 %
Математическое программирование.СПО;Ганичева Антонина Валериановна;Лань:Математика;809;1 798;–55 %
Программирование на ассемблере х64. От начального уровня до профессионального использования AVX64;Йо Ван Гуй;ДМК-Пресс:;1 393;3 095;–55 %
Обработка и представление данных в MS Excel. Учебное пособие;Бурнаева;Лань:Компьютеры и программное обеспечение;587;1 304;–55 %
Вычисления в кольцах некоммутативных многочленов;Цирулик Владимир Григорьевич;Лань:Компьютеры и программное обеспечение;1 887;4 194;–55 %
Парадигма программирования. Учебное пособие;Городняя Лидия Васильевна;Лань:Учебники для вузов. Специальная литература;1 140;2 534;–55 %
ASP.NET Core 3 с примерами на C# для профессионалов;Фримен Адам;Вильямс:;4 968;11 040;–55 %
Создаем динамические веб-сайты на PHP;Татро;Питер:Бестселлеры O`Reilly;2 132;2 733;–22 %
Теория вероятностей и математическая статистика в среде MATLAB. Учебное пособие;Алибеков Игорь Юсупович;Лань:Компьютеры и программное обеспечение;923;2 051;–55 %
HTTP/2 в действии;Поллард Барри;ДМК-Пресс:;1 682;3 738;–55 %
Создание облачных и мобильных приложений на языке F#;Мол Дэниел;ДМК-Пресс:Функциональное программирование;466;1 035;–55 %
Проектирование на ПЛИС. Архитектура, средства и методы. Курс молодого бойца;Максфилд Клайв;ДМК-Пресс:Программируемые системы;696;1 547;–55 %
Программирование микроконтроллеров ATMEL на языке C (+CD);Прокопенко Вадим Сергеевич;Корона-Принт:;611;1 358;–55 %
Семь моделей конкуренции и параллелизма за семь недель;Батчер Пол;ДМК-Пресс:;1 044;2 321;–55 %
Адаптивные и инвариантные алгоритмы обнаружения объектов на изображениях и их моделирование в Matla;Волков Владимир Юрьевич;Лань:;712;1 582;–55 %
Дневник охотника за ошибками. Путешествие через джунгли проблем безопасности программного обеспеч.;Клейн Тобиас;ДМК-Пресс:;929;2 064;–55 %
Введение в UML от создателей языка;Рамбо;ДМК-Пресс:Классика программирования;696;1 547;–55 %
Технологии программирования на Java 2. Распределенные приложения;Дейтел;Бином:;470;1 044;–55 %
Silverlight 4. Создание насыщенных Web-приложений;Байдачный Сергей Сергеевич;Солон-пресс:Библиотека профессионала;349;776;–55 %
EJB 3 в действии;Панда;ДМК-Пресс:Программирование в действии;1 161;2 580;–55 %
Обработка неструктурированных текстов. Поиск, организация и манипулирование;Ингерсолл;ДМК-Пресс:Программирование в действии;970;2 155;–55 %
Жемчужины проектирования алгоритмов. Функциональный подход. С примерами на языке Haskell;Бёрд Ричард;ДМК-Пресс:;970;2 155;–55 %
Асинхронное программирование в C# 5.0;Дэвис Алекс;ДМК-Пресс:;331;736;–55 %
Программирование в Delphi для Windows: Версии 2006, 2007, Turbo Delphi (+СD);Архангельский Алексей Яковлевич;Бином:;941;2 092;–55 %
Практика программирования на языке Паскаль. Задачи и решения;Медведик Владимир Иванович;ДМК-Пресс:;813;1 806;–55 %
Методы обработки и распознавания изображений лиц в задачах биометрии;Кухарев;Политехника:;545;1 212;–55 %
Эффективные технологии создания информационных систем;Мещеряков;Политехника:;305;677;–55 %
Введение в теорию языков программирования;Довек;ДМК-Пресс:;466;1 035;–55 %
Spring в действии;Уоллс Крейг;ДМК-Пресс:Программирование в действии;1 617;3 593;–55 %
Программирование на языке OCaml;Мински;ДМК-Пресс:Функциональное программирование;1 294;2 875;–55 %
CUDA Fortran для инженеров и научных работников. Рекомендации по эффективному программированию;Рутш;ДМК-Пресс:;696;1 547;–55 %
Платформа Windows Azure;Редкар;ДМК-Пресс:;929;2 064;–55 %
"За пределами ""Linux с нуля"". Версия 7.4. Том 2";Информация не найдена;ДМК-Пресс:;1 035;2 301;–55 %
.NET Сетевое программирование;Кумар;Лори:;707;1 570;–55 %
Редкая профессия;Зуев Евгений Александрович;ДМК-Пресс:;352;783;–55 %
Моделирование электротехнических устройств в MATLAB. SimPowerSystems и Simulink;Черных Илья Викторович;ДМК-Пресс:Проектирование;517;1 148;–55 %
Java. Эффективное программирование;Блох Джошуа;Лори:;747;1 661;–55 %
Разработка веб-приложений с использованием AngularJS;Козловский;ДМК-Пресс:;840;1 866;–55 %
Основы теории вейвлетов. Вейвлеты в MATLAB;Смоленцев Николай Константинович;ДМК-Пресс:Математика и Matlab;787;1 749;–55 %
LabVIEW. Практический курс для инженеров и разработчиков;Магда Юрий Степанович;ДМК-Пресс:Все о LabVIEW;352;783;–55 %
Принципы построения, применения и проектирования компьютерной платформы U-SYS;Росляков;Солон-пресс:Библиотека студента;228;507;–55 %
Разработка приложений Java EE 6 в NetBeans 7;Хеффельфингер Дэвид;ДМК-Пресс:;696;1 547;–55 %
Курс практического программирования в Delphi. Объектно – ориентированное программирование. Практикум;Санников Е. В.;Солон-пресс:Элективный курс. Профильное обучение;540;1 201;–55 %
C++ AMP. Построение массивно параллельных программ с помощью Microsoft Visual C++;Грегори;ДМК-Пресс:;906;2 013;–55 %
Оптимизация производительности приложений для iOS. Для профессионалов;Во Ханг;ДМК-Пресс:;619;1 375;–55 %
Структуры данных и алгоритмы в Java. Классика Computers Science;Лафоре Роберт;Питер:Классика computer science;2 595;3 327;–22 %
Программирование на алгоритмическом языке КуМир;Анеликова;Солон-пресс:Элективный курс. Профильное обучение;185;411;–55 %
Создание web-приложений в Silverlight;Буньон Лоран;ДМК-Пресс:;504;1 120;–55 %
С++ для начинающих;Шилдт Герберт;Эком:Шаг за шагом;626;1 392;–55 %
Профессиональное программирование приложений для iPhone и iPad;Баклин Джин;Эксмо:Мировой компьютерный бестселлер;1 043;1 429;–27 %
Silverlight. Практическое руководство;Браун Пит;Питер:;1 332;1 708;–22 %
PHP. Создание динамических страниц;Пауэрс Дэвид;Рид Групп:Веб-технологии;1 163;1 593;–27 %
Изучаем Java;Сьерра;Эксмо:Мировой компьютерный бестселлер;1 590;2 178;–27 %
1С: Предприятие 8.2. Коротко о главном. Новые возможности версии 8.2 (+CD);Радченко Максим Григорьевич;1С:1С: Предприятие 8.2;189;419;–55 %
"Как настраивать ""1С: Предприятие 8.2"" при внедрении +СD";Ажеронок Валентин Александрович;1С:1С: Предприятие 8.2;183;407;–55 %
Macromedia Authorware 6.0. Разработка мультимедийных учебных курсов;Гультяев Алексей Константинович;Корона-Принт:;220;489;–55 %
Руководство разработчика по Microsoft Enterprise Library;Хоумер;Эком:;454;1 008;–55 %
Silverlight 2. Технология создания интернет-приложений;Буньон Лоран;ДМК-Пресс:;405;900;–55 %
Практикум по проектированию на языках VerilogHDL и SystemVerilog. Учебное пособие;Мурсаев;Лань:Учебники для вузов. Специальная литература;675;1 499;–55 %
Экономика на Python. Учебник;Хрипунова;Прометей:;1 036;2 303;–55 %
Black Hat Python. Программирование для хакеров и пентестеров;Зейтц;Питер:Библиотека программиста;1 548;1 985;–22 %
Однострочники Python. Лаконичный и содержательный код;Майер Кристиан;Питер:Библиотека программиста;1 609;2 063;–22 %
Гид Java-разработчика. Проектно-ориентированный подход;Урма;Бомбора:Мировой компьютерный бестселлер;819;1 122;–27 %
PHP 8. Объекты, шаблоны и методики программирования;Зандстра Мэтт;Диалектика:;3 858;8 574;–55 %
Python и DevOps. Ключ к автоматизации Linux;Гифт;Питер:Бестселлеры O`Reilly;2 348;3 010;–22 %
Прикладное программирование на С/С++: с нуля;Иванов Всеволод Борисович;Солон-пресс:Программирование;581;1 290;–55 %
Введение в логическое программирование;Дженесерет;ДМК-Пресс:;1 164;2 587;–55 %
Параллельное программирование на C# и .NET Core;Шакти Танвар;ДМК-Пресс:;1 359;3 019;–55 %
Разработка игр на языке JavaScript. Учебное пособие;Беляев Сергей Алексеевич;Лань:Компьютеры и программное обеспечение;351;780;–55 %
Параллельные и высокопроизводительные вычисления;Роби;ДМК-Пресс:;2 670;5 934;–55 %
Исследование операций в экономике. Практикум. Учебное пособие для вузов;Слабнов Виктор Дмитриевич;Лань:Компьютеры и программное обеспечение;1 886;4 191;–55 %
Паттерны разработки на Python. TDD, DDD и событийно-ориентированная архитектура;Персиваль;Питер:Для профессионалов;1 949;2 499;–22 %
WebAssembly в действии;Галлан Жерар;Питер:Библиотека программиста;2 588;3 318;–22 %
Тестирование программного обеспечения;Игнатьев Александр Владимирович;Лань:Компьютеры и программное обеспечение;322;716;–55 %
Разработка моделей предметной области автоматизации. Учебник для вузов;Котлинский Сергей Владимирович;Лань:Компьютеры и программное обеспечение;2 201;4 892;–55 %
Разработка моделей предметной области автоматизации. Учебник для СПО;Котлинский Сергей Владимирович;Лань:Компьютеры и программное обеспечение;1 991;4 425;–55 %
Тестирование программного обеспечения. Учебное пособие для СПО;Игнатьев Александр Владимирович;Лань:Компьютеры и программное обеспечение;322;716;–55 %
Проектирование человеко-машинного взаимодействия. Учебник для вузов;Игнатьев Александр Владимирович;Лань:Компьютеры и программное обеспечение;363;807;–55 %
Программные коллекции данных. Проектирование и реализация. Учебник;Романенко Татьяна Александровна;Лань:Компьютеры и программное обеспечение;1 153;2 563;–55 %
Программные коллекции данных. Проектирование и реализация. Учебное пособие для СПО;Романенко Татьяна Александровна;Лань:Компьютеры и программное обеспечение;1 153;2 563;–55 %
Clojure на производстве;Гришаев Иван;ДМК-Пресс:;1 161;2 580;–55 %
Алгоритмы ГИС;Сяо Нинчуань;ДМК-Пресс:;1 552;3 449;–55 %
Изучаем SHINY;Уикем Хэдли;ДМК-Пресс:;1 509;3 354;–55 %
Анализ поведенческих данных на R и PYTHON;Бюиссон Флоран;ДМК-Пресс:;1 682;3 738;–55 %
Оптимизация запросов PostgreSQL;Домбровская;ДМК-Пресс:;1 359;3 019;–55 %
Разработка беспилотных транспортных средств;Лю;ДМК-Пресс:;1 277;2 837;–55 %
Сети 6G. Путь от 5G к 6G глазами разработчиков;Тонг;ДМК-Пресс:;2 322;5 159;–55 %
Проектирование цифровых образовательных ресурсов;Коннова;Прометей:;875;1 944;–55 %
Классические задачи Computer Science на языке Java;Копец Дэвид;Питер:Библиотека программиста;1 416;1 816;–22 %
Head First. Паттерны проектирования;Фримен;Питер:Head First (O'Reilly);1 949;2 499;–22 %
Web-программирование на JavaScript. Учебное пособие для СПО;Диков Андрей Валентинович;Лань:Компьютеры и программное обеспечение;912;2 027;–55 %
Автоматизация рутинных задач с помощью Python;Свейгарт Эл;Диалектика:;2 573;5 717;–55 %
Апокалипсис криптографии. Подготовка криптографии к квантовым вычислениям;Граймс Роджер А.;ДМК-Пресс:;1 044;2 321;–55 %
{Вы пока еще не знаете JS} Познакомьтесь, JavaScript;Симпсон Кайл;Питер:Библиотека программиста;1 028;1 318;–22 %
{Вы пока еще не знаете JS}. Область видимости и замыкания;Симпсон Кайл;Питер:Библиотека программиста;1 093;1 401;–22 %
Паттерны программирования игр;Нистрем Роберт;Бомбора:Мировой компьютерный бестселлер;1 499;2 053;–27 %
Эффективный C. Профессиональное программирование;Сикорд Роберт С.;Питер:Библиотека программиста;1 703;2 183;–22 %
React. Современные шаблоны для разработки приложений;Бэнкс;Питер:Бестселлеры O`Reilly;1 782;2 284;–22 %
JavaScript. Обработка событий на примерах. Учебное пособие;Янцев Валерий Викторович;Лань:Компьютеры и программное обеспечение;1 257;2 794;–55 %
ASP.NET CORE в действии;Лок Эндрю;ДМК-Пресс:;2 380;5 289;–55 %
Анализируем данные в Microsoft Power BI. Подготовка к экзамену DA-100;Маслюк Даниил;ДМК-Пресс:;1 277;2 837;–55 %
Программирование на PHP в примерах и задачах;Васильев Алексей;Эксмо-Пресс:Российский компьютерный бестселлер;965;1 322;–27 %
Статистический анализ экспериментальных данных в пакетах MathCAD и Excel;Воскобойников Юрий Евгеньевич;Лань:Компьютеры и программное обеспечение;1 153;2 563;–55 %
Системы искусственного интеллекта. Моделирование нейронных сетей в системе MATLAB. Лабораторный пр.;Романов;Лань:Компьютеры и программное обеспечение;734;1 630;–55 %
JavaScript. Обработка событий на примерах. Учебное пособие для СПО;Янцев Валерий Викторович;Лань:Компьютеры и программное обеспечение;1 138;2 528;–55 %
Компьютерное моделирование автоматизации технологических процессов и производств. Практикум. СПО;Алексеев Владимир Анатольевич;Лань:Компьютеры и программное обеспечение;1 043;2 318;–55 %
Ghidra. Полное руководство;Игл;ДМК-Пресс:;2 206;4 903;–55 %
Изучаем WinUI 3.0;Эшкрафт Элвин;ДМК-Пресс:;1 294;2 875;–55 %
JavaScript для профессиональных веб-разработчиков;Фрисби Мэтт;Питер:Для профессионалов;3 309;4 242;–22 %
SQL за 10 минут;Форта Бен;Вильямс:;1 286;2 858;–55 %
Облачные архитектуры. Разработка устойчивых и экономичных облачных приложений;Лащевски;Питер:Библиотека программиста;1 487;1 907;–22 %
Делай как в Google. Разработка программного обеспечения;Винтерс;Питер:Бестселлеры O`Reilly;2 702;3 464;–22 %
Программируем на C# 8.0. Разработка приложений;Гриффитс Иэн;Питер:Бестселлеры O`Reilly;3 757;4 817;–22 %
Изучаем квантовые вычисления на Python и Q#;Кайзер;ДМК-Пресс:;1 625;3 611;–55 %
Системы автоматического управления: теория, применение, моделирование в MATLAB. Учебное пособие;Ощепков Александр Юрьевич;Лань:Учебники для вузов. Специальная литература;1 334;2 964;–55 %
Коды с суммированием для систем технического диагностирования. В 2-х томах;Сапожников;Наука:;913;2 029;–55 %
Основы тестирования программного обеспечения. Учебное пособие для СПО;Старолетов Сергей Михайлович;Лань:Компьютеры и программное обеспечение;1 098;2 440;–55 %
Гид по Computer Science, расширенное издание;Спрингер Вильям;Питер:Библиотека программиста;1 087;1 393;–22 %
Python. Искусственный интеллект, большие данные и облачные вычисления;Дейтел;Питер:Для профессионалов;3 146;4 033;–22 %
Эволюционные нейросети на языке Python;Омельяненко Ярослав;ДМК-Пресс:;1 161;2 580;–55 %
Алгоритмы обучения с подкреплением на Python;Лонца Андреа;ДМК-Пресс:;1 393;3 095;–55 %
Цифровой синтез. Практический курс;Романов;ДМК-Пресс:;1 625;3 611;–55 %
Системное программирование. Лабораторные работы. Учебное пособие;Жулабова Фатима Тахировна;Лань:Учебники для вузов. Специальная литература;691;1 535;–55 %
Криптография и взлом шифров на Python;Свейгарт Эл;Диалектика:;1 972;4 383;–55 %
Программист-прагматик;Томас;Диалектика:;2 573;5 717;–55 %
Учимся программировать с примерами на Python;Фримен Эрик;Диалектика:Head First;2 573;5 717;–55 %
Параллельное программирование на C++ с помощью библиотеки TBB;Восс;ДМК-Пресс:;1 741;3 869;–55 %
Предметно-ориентированное проектирование в Enterprise Java;Наир Виджей;ДМК-Пресс:;1 161;2 580;–55 %
Генеративное глубокое обучение. Творческий потенциал нейронных сетей;Фостер Дэвид;Питер:Бестселлеры O`Reilly;2 086;2 674;–22 %
Анализ данных при помощи Microsoft Power BI и Power Pivot для Excel;Феррари;ДМК-Пресс:;1 219;2 709;–55 %
Распределенные системы реального времени. Теория и практика;Эрджиес Кайхан;ДМК-Пресс:;1 393;3 095;–55 %
Программирование на Python. Базовый курс;Седжвик;Вильямс:;1 972;4 383;–55 %
Нативная разработка мобильных приложений. Перекрестный справочник для iOS и Android;Льюис;ДМК-Пресс:;1 161;2 580;–55 %
Паттерны объектно-ориентированного проектирования;Гамма;Питер:Библиотека программиста;943;1 209;–22 %
Применение пакета MATLAB и SIMULINK для анализа электрических цепей. Том 1;Фриск;Солон-пресс:Библиотека студента;697;1 549;–55 %
Управление памятью в .NET для профессионалов;Кокоса Конрад;ДМК-Пресс:;2 653;5 895;–55 %
Исследование операций и методы оптимизации. Учебное пособие;Болотский;Лань:Учебники для вузов. Специальная литература;320;710;–55 %
Веб-компоненты в действии;Фаррелл Бен;ДМК-Пресс:;1 277;2 837;–55 %
Машинное обучение на R: экспертные техники для прогностического анализа;Ланц Бретт;Питер:Библиотека программиста;2 669;3 422;–22 %
Head First. Изучаем Go;Макгаврен Джей;Питер:Head First (O'Reilly);2 942;3 772;–22 %
Глубокое обучение. Погружение в мир нейронных сетей;Николенко;Питер:Библиотека программиста;1 424;1 826;–22 %
Архитектура компьютерных систем. Курс лекций. Учебное пособие;Белугина Светлана Викторовна;Лань:Учебники для вузов. Специальная литература;734;1 630;–55 %
Основы программирования информационного контента. Учебное пособие;Быкадорова;Лань:Учебники для вузов. Специальная литература;403;895;–55 %
Численные методы. Учебник;Слабнов Виктор Дмитриевич;Лань:Учебники для вузов. Специальная литература;2 426;5 390;–55 %
Введение в глубокое обучение;Черняк Евгений;Вильямс:;934;2 075;–55 %
Машинное обучение без лишних слов;Бурков Андрей;Питер:Библиотека программиста;1 327;1 701;–22 %
Легкий способ выучить Python 3 еще глубже;Шоу Зед А.;Эксмо-Пресс:Мировой компьютерный бестселлер (обложка);880;1 206;–27 %
Практикум по численным методам в вычислительных средах matlab и mathcad. Учебное пособие;Бастрон;РГГУ:;407;905;–55 %
Программирование на языке Пролог для задач искусственного интеллекта. Введение в логическое программ;Ефимова Елена Анатольевна;РГГУ:;500;1 110;–55 %
Информационные системы и программирование. Специалист по информационным системам. Выпускная квалифик;Логачев Максим Сергеевич;ИНФРА-М:Среднее профессиональное образование;2 286;5 081;–55 %
Совершенный алгоритм. Жадные алгоритмы и динамическое программирование;Рафгарден Тим;Питер:Библиотека программиста;1 440;1 846;–22 %
SCALA для нетерпеливых;Хостманн Кей;ДМК-Пресс:Функциональное программирование;1 044;2 321;–55 %
Обучение с подкреплением;Саттон;ДМК-Пресс:;2 322;5 159;–55 %
Рекомендательные системы на практике;Фальк Ким;ДМК-Пресс:;1 294;2 875;–55 %
Flutter на практике. Прокачиваем навыки мобильной разработки с помощью открыт. фреймворка от Googlе;Заметти Франк;ДМК-Пресс:;1 422;3 161;–55 %
Java Concurrency на практике;Гетц;Питер:Для профессионалов;1 558;1 998;–22 %
C# 8.0. Карманный справочник;Албахари;Диалектика:;1 030;2 288;–55 %
Нейронные сети и глубокое обучение. Учебный курс;Аггарвал Чару;Вильямс:;3 858;8 574;–55 %
Разработка веб-приложений с помощью Node.js, MongoDB и Angular. Исчерпывающее руководство;Дейли;Вильямс:;3 258;7 240;–55 %
Разработка игр на Unity 2018 за 24 часа;Гейг Майк;Бомбора:Мировой компьютерный бестселлер;1 772;2 427;–27 %
R. Книга рецептов. Проверенные рецепты для статистики, анализа и визуализации;Лонг;ДМК-Пресс:;1 857;4 127;–55 %
Графовые алгоритмы. Практическая реализация на платформах  Apache Spark и Neo4j;Нидхем;ДМК-Пресс:;1 161;2 580;–55 %
Функциональное программирование на С++. Как сделать свои программы изящными с помощью технологии фун;Чукич Иван;ДМК-Пресс:;1 393;3 095;–55 %
Теория автоматического управления (с использованием MATLAB-SIMULINK). Практикум. Учебное пособие;Пащенко;Лань:Учебники для вузов. Специальная литература;1 153;2 563;–55 %
Python. Непрерывная интеграция и доставка;Ленц Мориц;ДМК-Пресс:;638;1 417;–55 %
Программирование GPU при помощи Python и CUDA. Исследуйте высокопроизводительные параллельные вычисл;Тоуманнен Бриан;ДМК-Пресс:;1 044;2 321;–55 %
Разработка с использованием квантовых компьютеров;Силва Владимир;Питер:Библиотека программиста;1 962;2 516;–22 %
Изучаем Python. Программирование игр, визуализация данных, веб-приложения;Мэтиз Эрик;Питер:Библиотека программиста;1 512;1 938;–22 %
Java. Библиотека профессионала. Том 2. Расширенные средства программирования;Хорстманн Кей С.;Вильямс:;3 858;8 574;–55 %
Изучаем Python. Том 2;Лутц Марк;Вильямс:;2 955;6 567;–55 %
Волшебство Kotlin;Симон Пьер-Ив;ДМК-Пресс:;1 509;3 354;–55 %
Методы и алгоритмы решения прикладных задач дискретной оптимизации. Учебное пособие;Карпов;Солон-пресс:Библиотека профессионала;454;1 008;–55 %
Обработка естественного языка с TensorFlow;Ганегедара Тушан;ДМК-Пресс:;1 393;3 095;–55 %
Информационные системы и программирование. Администратор баз данных. Учебник;Логачев Максим Сергеевич;ИНФРА-М:Среднее профессиональное образование;1 750;3 888;–55 %
Программное обеспечение компьютерных сетей. Учебное пособие;Исаченко Олег Вячеславович;ИНФРА-М:Среднее профессиональное образование;700;1 556;–55 %
Моделирование химико-технологических процессов. Принципы применения пакетов компютерн. математики;Гартман;Лань:Учебники для вузов. Специальная литература;2 049;4 554;–55 %
Клиентские технологии веб-программирования: JavaScript и DOM;Диков Андрей Валентинович;Лань:Учебники для вузов. Специальная литература;768;1 706;–55 %
Изучаем Angular 2;Дилеман Пабло;ДМК-Пресс:;813;1 806;–55 %
Разработка обслуживаемых программ на языке C#;Виссер Джуст;ДМК-Пресс:;522;1 161;–55 %
10 практических устройств на AVR-микроконтроллерах. Книга 1 (+CD);Кравченко Алексей Владимирович;Корона-Принт:;293;650;–55 %
XBRL для чайников;Хоффман;"Диалектика:Для ""чайников""";1 789;3 976;–55 %
Разработка геоприложений на языке Python;Вестра Эрик;ДМК-Пресс:;1 422;3 161;–55 %
Инженерия требований;Халл;ДМК-Пресс:;813;1 806;–55 %
Программирование PIC - микроконтроллеров на PicBasic;Хелибайк Чак;Додека XXI век:Программируемые системы;582;1 294;–55 %
Введение в современные САПР. Курс лекций;Малюх Владимир Николаевич;ДМК-Пресс:САПР от А до Я;410;911;–55 %
Функциональное программирование на F#;Сошников Дмитрий Валерьевич;ДМК-Пресс:;410;911;–55 %
Скользкие места С++. Как избежать проблем  при проектировании и компиляции ваших программ;Дьюхэрст Стефан К.;ДМК-Пресс:Профессиональная серия от Addison-Wesley;522;1 161;–55 %
Программируем микрокомпьютер NXT в LabVIEW;Белиовская;ДМК-Пресс:Все о LabVIEW;453;1 006;–55 %
Dart в действии;Баккет Крис;ДМК-Пресс:;1 219;2 709;–55 %
MATLAB. Полный самоучитель;Дьяконов Владимир Павлович;ДМК-Пресс:;1 161;2 580;–55 %
С для программистов с введением в С11;Дейтел;ДМК-Пресс:;970;2 155;–55 %
Параллельное и конкурентное программирование на Haskell;Марлоу Саймон;ДМК-Пресс:Функциональное программирование;1 035;2 301;–55 %
Практическое использование Common Lisp;Сайбель Питер;ДМК-Пресс:Функциональное программирование;1 164;2 587;–55 %
Сбор данных в Интернете на языке R;Храмов Дмитрий Александрович;ДМК-Пресс:;753;1 674;–55 %
Unity 5.x. Программирование искусственного интеллекта в играх;Паласиос Хорхе;ДМК-Пресс:;813;1 806;–55 %
Программирование микроконтроллеров. Стратегия и тактика;Матюшин Андрей Олегович;ДМК-Пресс:;929;2 064;–55 %
Ruby on Rails для начинающих. Изучаем разработку веб-приложений на основе Rails;Хартл Майкл;ДМК-Пресс:;1 509;3 354;–55 %
Программирование и отладка С/С++ приложений для микроконтроллеров ARM;Магда Юрий Степанович;ДМК-Пресс:;582;1 294;–55 %
Эффективное использование С++. 55 верных способов улучшить структуру и код ваших программ;Мэйерс Скотт;ДМК-Пресс:Профессиональная серия от Addison-Wesley;646;1 436;–55 %
Assembler. Для DOS, Windows и Unix;Зубков Сергей Владимирович;ДМК-Пресс:Для программистов;970;2 155;–55 %
Лямбда-выражения в Java 8. Функциональное программирование - в массы;Уорбэртон Ричард;ДМК-Пресс:Функциональное программирование;517;1 148;–55 %
Системная инженерия. Принципы и практика;Косяков;ДМК-Пресс:;1 552;3 449;–55 %
Оптимизация приложений на платформе .Net;Голдштейн;ДМК-Пресс:;1 044;2 321;–55 %
Интерфейс. Основы проектирования взаимодействия;Купер;Питер:Для профессионалов;2 076;2 662;–22 %
Аналоговые интерфейсы микроконтроллеров;Болл Стюарт Р.;Додека XXI век:Программируемые системы;696;1 547;–55 %
Практическое использование Vim. Редактируйте текст со скоростью мысли;Нейл Дрю;ДМК-Пресс:;1 164;2 587;–55 %
Анализ сетей (графов) в среде R. Руководство пользователя;Люк Дуглас А.;ДМК-Пресс:;1 359;3 019;–55 %
Основы проектирования в Autodesk Inventor 2016;Зиновьев Дмитрий Валериевич;ДМК-Пресс:;466;1 035;–55 %
Bootstrap в примерах;Морето Сильвио;ДМК-Пресс:;813;1 806;–55 %
Изучай Haskell во имя добра!;Липовача Миран;ДМК-Пресс:;1 164;2 587;–55 %
Matlab & Simulink. Проектирование мехатронных систем на ПК. Учебное пособие для ВУЗов + CD;Герман-Галкин Сергей Германович;Корона-Принт:Учебное пособие;332;737;–55 %
10 практических устройств на AVR-микроконтроллерах. Книга 2 +CD;Кравченко Алексей Владимирович;Корона-Принт:;293;650;–55 %
Вычислительная геометрия. Алгоритмы и приложения;Де;ДМК-Пресс:;1 393;3 095;–55 %
Разработка веб-приложений в ReactJS;Хортон;ДМК-Пресс:;813;1 806;–55 %
Введение в статистическое обучение с примерами на языке R;Джеймс;ДМК-Пресс:;1 741;3 869;–55 %
Современное программирование с нуля!;Потопахин Виталий Валерьевич;ДМК-Пресс:Учебное пособие;410;911;–55 %
Программирование на языке Lua;Иерузалимски Роберту;ДМК-Пресс:;1 099;2 443;–55 %
Android NDK. Руководство для начинающих;Ретабоуил Сильвен;ДМК-Пресс:;911;2 024;–55 %
Скрапинг веб-сайтов с помощью Python. Сбор данных из современного интернета;Митчелл Райан;ДМК-Пресс:;753;1 674;–55 %
PIC-микроконтроллеры: архитектура и программирование;Предко Майкл;ДМК-Пресс:;696;1 547;–55 %
Моделирование антенных устройств в Matlab с использованием пакета расширения Antenna Toolbox;Типикин А. А.;Солон-пресс:;311;690;–55 %
Управление электронными устройствами на С++. Разработка практических приложений;Катупития;ДМК-Пресс:;813;1 806;–55 %
C# 6.0. Справочник. Полное описание языка;Албахари;Вильямс:;2 955;6 567;–55 %
LabVIEW: стиль программирования;Блюм Питер;ДМК-Пресс:LabVIEW;582;1 294;–55 %
Искусство автономного тестирования с примерами на С#;Ошероув Рой;ДМК-Пресс:;1 035;2 301;–55 %
Графовые базы данных. Новые возможности для работы;Робинсон;ДМК-Пресс:;970;2 155;–55 %
Руководство по микропроцессорному обеспечению;Информация не найдена;ДМК-Пресс:;813;1 806;–55 %
Чисто функциональные структуры данных;Окасаки Крис;ДМК-Пресс:;696;1 547;–55 %
Программирование компьютерного зрения на языке Python;Солем Ян Эрик;ДМК-Пресс:;929;2 064;–55 %
UML Проектирование систем реального времени, распределенных и параллельных приложений;Гома Хассан;ДМК-Пресс:;1 451;3 224;–55 %
Периферийные устройства: интерфейсы, схемотехника, программирование;Авдеев Вадим Александрович;ДМК-Пресс:Все о радиоэлектронике;1 044;2 321;–55 %
R в действии. Анализ и визуализация данных на языке R;Кабаков Роберт И.;ДМК-Пресс:;1 161;2 580;–55 %
Анализ больших наборов данных;Лесковец;ДМК-Пресс:;1 552;3 449;–55 %
Построение компиляторов;Вирт Никлаус;ДМК-Пресс:;580;1 289;–55 %
Современный PHP. Новые возможности и передовой опыт;Локхарт Джош;ДМК-Пресс:;753;1 674;–55 %
MATLAB. Теория и практика;Гилат Амос;ДМК-Пресс:;1 277;2 837;–55 %
Параллельное программирование на С++ в действии. Практика разработки многопоточных программ;Уильямс Энтони;ДМК-Пресс:;1 552;3 449;–55 %
Рефакторинг кода на JavaScript. Улучшение проекта существующего кода;Фаулер Мартин;Вильямс:;3 500;7 778;–55 %
Язык программирования Python: практикум. Учебное пособие;Жуков Роман Александрович;ИНФРА-М:Среднее профессиональное образование;957;2 126;–55 %
Машинное обучение и безопасность. Защита систем с помощью данных и алгоритмов;Чио;ДМК-Пресс:;1 219;2 709;–55 %
Разработка интеллектуальных систем. Введение в технологию машинного обучения;Хултен Джефф;ДМК-Пресс:;1 044;2 321;–55 %
Теория вероятностей и математическая статистика в среде MATLAB. Учебное пособие;Алибеков Игорь Юсупович;Лань:Учебники для вузов. Специальная литература;871;1 936;–55 %
Экстремальное программирование. Разработка через тестирование;Бек Кент;Питер:Библиотека программиста;1 106;1 418;–22 %
Объектно-ориентированное программирование с примерами на C#. Учебное пособие;Хорев Павел Борисович;Форум:Среднее профессиональное образование;1 097;2 437;–55 %
Применение пакета MATLAB для анализа резонансных явлений в электрических цепях. Учебно-мет. пособие;Информация не найдена;Солон-пресс:Библиотека студента;224;498;–55 %
Применение пакета MATLAB для анализа резонансных явлений в электрических цепях. Учебно-мет. пособие;Информация не найдена;Солон-пресс:Библиотека студента;475;1 055;–55 %
Программирование. Сборник задач. Учебное пособие;Архипов;Лань:Учебники для вузов. Специальная литература;1 254;2 786;–55 %
Python. Книга Рецептов;Бизли;ДМК-Пресс:;2 090;4 644;–55 %
Глубокое обучение с подкреплением на Python. OpenAI Gym и TensorFlow для профи;Равичандиран Судхарсан;Питер:Библиотека программиста;1 359;1 742;–22 %
Грокаем глубокое обучение;Траск Эндрю;Питер:Библиотека программиста;1 101;1 411;–22 %
Практика реактивного программирования в SPRING 5;Докука;ДМК-Пресс:;1 741;3 869;–55 %
Как программировать на С;Дейтел;Бином:;913;2 028;–55 %
Нейросетевые методы в обработке естественного языка;Гольдберг Йоав;ДМК-Пресс:;1 393;3 095;–55 %
Предиктивное моделирование на практике;Кун;Питер:Для профессионалов;2 503;3 209;–22 %
Микросервисы. Паттерны разработки и рефакторинга;Ричардсон Крис;Питер:Библиотека программиста;2 028;2 600;–22 %
Системы счисления, алгоритмизация и программирование. Учебное пособие;Игнашева Елена Петровна;ИНФРА-М:Военное образование;957;2 126;–55 %
Объектно-ориентированное программирование. Учебник;Барков Игорь Александрович;Лань:Учебники для вузов. Специальная литература;2 654;5 898;–55 %
Практическое введение в программную инженерию. Учебное пособие;Волк Владимир Константинович;Лань:Учебники для вузов. Специальная литература;819;1 821;–55 %
Проектирование цифровых устройств на ПЛИС. Учебное пособие;Ушенина Инна Владимировна;Лань:Учебники для вузов. Специальная литература;1 425;3 167;–55 %
Введение в технологии контейнеров и Kubernetes;Маркелов Андрей Александрович;ДМК-Пресс:;696;1 547;–55 %
Логическое проектирование и верификация систем на SystemVerilog;Дональд Томас;ДМК-Пресс:;1 393;3 095;–55 %
HTML5 и CSS3 для чайников;Титтел;"Диалектика:Для ""чайников""";1 400;3 112;–55 %
C# для чайников;Мюллер;"Диалектика:Для ""чайников""";1 972;4 383;–55 %
Изучаем TypeScript 3;Розенталс Натан;ДМК-Пресс:;1 625;3 611;–55 %
Введение в веб-разработку на языке JavaScript. Учебное пособие;Государев Илья Борисович;Лань:Учебники для вузов. Специальная литература;972;2 160;–55 %
Программирование компьютерной графики;Боресков Алексей Викторович;ДМК-Пресс:;1 219;2 709;–55 %
Высокопроизводительный код на платформе .NET;Уотсон Бен;Питер:Для профессионалов;1 978;2 536;–22 %
Совершенный алгоритм. Графовые алгоритмы и структуры данных;Рафгарден Тим;Питер:Библиотека программиста;1 260;1 615;–22 %
{Вы не знаете JS} Асинхронная обработка и оптимизация;Симпсон Кайл;Питер:Бестселлеры O`Reilly;1 213;1 555;–22 %
Основы теории вейвлетов. Вейвлеты в Matlab;Смоленцев Николай Константинович;ДМК-Пресс:Все о вейвлетах;1 161;2 580;–55 %
Изучаем React;Чиннатамби Кирупа;Бомбора:Мировой компьютерный бестселлер;1 407;1 928;–27 %
Python для чайников;Мюллер Джон Пол;"Диалектика:Для ""чайников""";1 544;3 431;–55 %
Изучение сложных систем с помощью Python;Дауни Аллен Б.;ДМК-Пресс:;638;1 417;–55 %
Вероятностное программирование на Python. Байесовский вывод и алгоритмы;Дэвидсон-Пайлон Кэмерон;Питер:Библиотека программиста;1 764;2 262;–22 %
JavaScript для чайников;Минник;"Диалектика:Для ""чайников""";1 166;2 592;–55 %
Легкий способ выучить Python 3;Шоу Зед А.;Бомбора:Мировой компьютерный бестселлер;880;1 206;–27 %
Jenkins 2. Приступаем к работе. Создайте свой конвейер развертывания для автоматизации следующего п.;Ластер Брент;ДМК-Пресс:;1 811;4 024;–55 %
Реактивное программирование на С++. Проектирование параллельных и асинхронных приложений с использов;Пай;ДМК-Пресс:;1 044;2 321;–55 %
Изображение квантовых процессов. Начальный курс квантовой теории и рассуждений на диаграммах;Коке;ДМК-Пресс:;2 613;5 807;–55 %
Unreal Engine VR для разработчиков;Маккефри Митч;Бомбора:Мировой компьютерный бестселлер;1 219;1 670;–27 %
Язык программирования Python. Практикум. Учебное пособие;Жуков Роман Александрович;ИНФРА-М:Высшее образование. Бакалавриат;1 066;2 368;–55 %
Django 2 в примерах;Меле Антонио;ДМК-Пресс:;1 161;2 580;–55 %
Глубокое обучение без математики. Том 1. Основы;Гласснер Эндрю;ДМК-Пресс:;1 974;4 386;–55 %
Программирование в среде Lazarus. Учебное пособие;Гуриков Сергей Ростиславович;Форум:Среднее профессиональное образование;1 826;4 057;–55 %
Введение в программную инженерию. Учебник;Антипов;ИНФРА-М:;1 318;2 929;–55 %
Программирование и основы алгоритмизации.Теоретические основы и примеры реализации численных методов;Затонский;РИОР:Высшее образование;671;1 491;–55 %
Программное обеспечение компьютерных сетей и web-серверов. Учебное пособие;Лисьев;ИНФРА-М:Среднее профессиональное образование;702;1 559;–55 %
Технологии параллельного программирования. Учебное пособие;Лупин;Форум:Высшее образование;823;1 828;–55 %
Глубокое обучение и TensorFlow для профессионалов. Математический подход к построению систем;Паттанаяк Сантану;Вильямс:;1 789;3 976;–55 %
Введение в анализ алгоритмов;Солтис Майкл;ДМК-Пресс:;1 164;2 587;–55 %
Практикум по решению задач на ЭВМ в среде Delphi. Учебное пособие;Бунаков;Форум:Среднее профессиональное образование;1 481;3 292;–55 %
Анализ вредоносных программ;Монаппа К. А.;ДМК-Пресс:;1 294;2 875;–55 %
Java. Библиотека профессионала. Том 1. Основы;Хорстманн Кей С.;Диалектика:;2 955;6 567;–55 %
JavaScript. Карманный справочник;Флэнаган Дэвид;Диалектика:;943;2 096;–55 %
Искусство программирования. Том 3. Сортировка и поиск;Кнут Дональд Эрвин;Диалектика:;4 544;10 097;–55 %
Применение UML 2.0 и шаблонов проектирования;Ларман Крэг;Диалектика:;4 544;10 097;–55 %
Программирование на Clojure;Эмерик;ДМК-Пресс:Функциональное программирование;1 552;3 449;–55 %
C# 7.0. Карманный справочник. Скорая помощь для программистов на C# 7.0;Албахари;Вильямс:;934;2 075;–55 %
Адаптивный код. Гибкое кодирование с помощью паттернов проектирования и принципов SOLID;Холл Гэри Маклин;Вильямс:;2 573;5 717;–55 %
Секреты JavaScript ниндзя;Резиг;Вильямс:;3 258;7 240;–55 %
Курс программирования на языке Си. Учебник;Подбельский;ДМК-Пресс:;776;1 724;–55 %
СУБД для программиста. Базы данных изнутри;Тарасов Сергей Витальевич;Солон-пресс:Библиотека профессионала;720;1 601;–55 %
Объектно-ориентированное программирование в С++;Лафоре Роберт;Питер:Классика computer science;1 888;2 421;–22 %
Язык программирования C++. Базовый курс;Липпман;Вильямс:;4 122;9 159;–55 %
Машинное обучение с использованием библиотеки Н2О;Кук Даррен;ДМК-Пресс:;929;2 064;–55 %
Программирование. Принципы и практика с использованием C++;Страуструп Бьярне;Вильямс:;4 968;11 040;–55 %
Создаем нейронную сеть;Рашид Тарик;Вильямс:;2 334;5 186;–55 %
Библиотека Keras - инструмент глубокого обучения;Джулли;ДМК-Пресс:;1 044;2 321;–55 %
Визуализация данных с помощью библиотеки D3.js 4.x;Рининсланд;ДМК-Пресс:;813;1 806;–55 %
Шаблоны корпоративных приложений;Фаулер Мартин;Диалектика:;3 858;8 574;–55 %
Raspberry Pi. Сборник рецептов. Решение программных и аппаратных задач;Монк Саймон;Диалектика:;2 573;5 717;–55 %
JavaScript в примерах и задачах;Информация не найдена;Эксмо-Пресс:Российский компьютерный бестселлер;1 062;1 455;–27 %
Visual C# 2.0.NET. Полное руководство;Прайс;Корона-Принт:;450;1 001;–55 %
Предметно-ориентированное проектирование (DDD). Структуризация сложных программных систем;Эванс Эрик;Вильямс:;4 968;11 040;–55 %
Язык программирования C++. Лекции и упражнения;Прата Стивен;Диалектика:;4 666;10 368;–55 %
C++ для чайников;Дэвис Стефан Рэнди;"Диалектика:Для ""чайников""";1 166;2 592;–55 %
Программирование командных оболочек в Unix, Linux и OS X;Кочан;Диалектика:;2 573;5 717;–55 %
Рефакторинг. Улучшение проекта существующего кода;Бек;Диалектика:;2 955;6 567;–55 %
Изучаем программирование на Python;Бэрри Пол;Эксмо:Мировой компьютерный бестселлер;1 590;2 178;–27 %
Семь баз данных за семь недель. Введение в современные базы данных и идеологию NoSQL;Редмонд;ДМК-Пресс:;1 164;2 587;–55 %
Математическое программирование. Учебное пособие;Карманов Владимир Георгиевич;Физматлит:;352;783;–55 %
jQuery в действии;Бибо;Питер:Для профессионалов;1 348;1 728;–22 %
Шаблоны проектирования Node.JS;Касиаро;ДМК-Пресс:;1 099;2 443;–55 %
Разработка современных веб-приложений. Анализ предметных областей и технологий;Эспозито Дино;Вильямс:;1 945;4 322;–55 %
Vulkan. Руководство разработчика;Селлерс;ДМК-Пресс:;1 103;2 450;–55 %
Среда динамического моделирования технических систем SimInTech. Практикум по моделированию систем;Карташов;ДМК-Пресс:;1 393;3 095;–55 %
Алгоритмы. Справочник с примерами на C, C++, Java и Python;Хайнеман;Вильямс:;2 573;5 717;–55 %
Изучаем JavaScript. Руководство по созданию современных веб-сайтов;Браун Этан;Вильямс:;1 789;3 976;–55 %
Изучаем OpenCV 3;Кэлер;ДМК-Пресс:;2 090;4 644;–55 %
Семь языков за семь недель. Практическое руководство по изучению языков программирования;Тейт Брюс;ДМК-Пресс:;753;1 674;–55 %
Flash MX для профессиональных программистов. Учебное пособие;Капустин;Просвещение/Бином:Основы информационных технологий;291;646;–55 %
Программирование на Java для начинающих;Васильев Алексей Николаевич;Эксмо-Пресс:Российский компьютерный бестселлер;1 062;1 455;–27 %
Javascript и jQuery. Интерактивная веб-разработка;Дакетт Джон;Эксмо:Мировой компьютерный бестселлер;2 165;2 966;–27 %
Предметно-ориентированное проектирование. Самое основное;Вернон Вон;Диалектика:;1 972;4 383;–55 %
Введение в Elixir. Введение в функциональное программирование;Сенлорен;ДМК-Пресс:;813;1 806;–55 %
Моделирование аукционов;Демешев Борис Борисович;ДМК-Пресс:;753;1 674;–55 %
Как самому написать мобильную 2D-игру;Язев Юрий Евгеньевич;Солон-пресс:Библиотека профессионала;712;1 583;–55 %
Python и машинное обучение;Рашка Себастьян;ДМК-Пресс:;1 741;3 869;–55 %
Проектирование пользовательского интерфейса в Android;Клифтон Ян;ДМК-Пресс:;1 161;2 580;–55 %
Программирование на C в примерах и задачах;Васильев Алексей Николаевич;Эксмо-Пресс:Российский компьютерный бестселлер;1 165;1 596;–27 %
Прикладная криптография. Протоколы, алгоритмы и исходный код на C;Шнайер Брюс;Диалектика:;6 210;13 800;–55 %
ASP.NET Core MVC с примерами на C# для профессионалов;Фримен Адам;Диалектика:;4 122;9 159;–55 %
Стек, или Путешествие туда и обратно;Вторников Алексей Анатольевич;ДМК-Пресс:;522;1 161;–55 %
Программирование на Visual Basic для начинающих;МакГрат Майк;Эксмо-Пресс:Программирование для начинающих (обложка);650;890;–27 %
Реактивное программирование с использованием RxJava;Нуркевич;ДМК-Пресс:;1 103;2 450;–55 %
Изучаем PHP 7. Руководство по созданию интерактивных веб-сайтов;Скляр Дэвид;Диалектика:;2 334;5 186;–55 %
Не заставляйте меня думать. Веб-юзабилити и здравый смысл;Круг Стив;Эксмо-Пресс:Мировой компьютерный бестселлер;856;1 172;–27 %
Go на практике;Батчер;ДМК-Пресс:;1 044;2 321;–55 %
Использование Docker;Моуэт Эдриен;ДМК-Пресс:;1 103;2 450;–55 %
Методы разработки математических моделей и вычислительный эксперимент на базе пакета MATLAB;Плохотников Константин Эдуардович;Солон-пресс:;1 084;2 409;–55 %
Гибкая разработка программ на Java и C++. Принципы, паттерны и методики;Мартин Роберт С.;Диалектика:;4 968;11 040;–55 %
Цифровая обработка сигналов на языке Python;Дауни Аллен Б.;ДМК-Пресс:;466;1 035;–55 %
Эффективная работа с унаследованным кодом;Физерс Майкл К.;Вильямс:;3 258;7 240;–55 %
Непрерывное развертывание ПО. Автоматизация процессов сборки, тестирования и внедрения новых версий;Хамбл;Вильямс:;3 858;8 574;–55 %
Программирование на C++ в примерах и задачах;Васильев Алексей Николаевич;Эксмо-Пресс:Российский компьютерный бестселлер;760;1 041;–27 %
Cassandra. Полное руководство;Карпентер;ДМК-Пресс:;1 103;2 450;–55 %
Основы глубокого обучения. Создание алгоритмов для искусственного интеллекта следующего поколения;Будума Нихиль;Манн, Иванов и Фербер:;1 800;2 466;–27 %
Алгоритмы. Вводный курс;Кормен Томас;Вильямс:;1 286;2 858;–55 %
Программирование встроенных систем на С++ 17. Создание универсальных и надежных встроенных решений;Пошевай Майа;ДМК-Пресс:;1 161;2 580;–55 %
Глубокое обучение для поисковых систем;Теофили Томмазо;ДМК-Пресс:;1 161;2 580;–55 %
Введение в программирование на языке Visual Basic for Applications (VBA). Учебное пособие;Гуриков Сергей Ростиславович;ИНФРА-М:Высшее образование. Бакалавриат;1 517;3 370;–55 %
HTML и CSS. Разработка и дизайн веб-сайтов;Дакетт Джон;Эксмо:Мировой компьютерный бестселлер;1 818;2 491;–27 %
Байесовский анализ на Python;Мартин Освальдо;ДМК-Пресс:;1 044;2 321;–55 %
Состязательные сети. Проекты;Ахирвар Кайлаш;ДМК-Пресс:;1 044;2 321;–55 %
Основы программирования на языке С. Учебное пособие;Дорогов;Форум:Среднее профессиональное образование;898;1 996;–55 %
Программирование на языке Си. Учебное пособие;Кузин;Форум:Среднее профессиональное образование;747;1 659;–55 %
Разработка мобильных приложений на C# для iOS и Android;Черников Вячеслав;ДМК-Пресс:;929;2 064;–55 %
C. Полное руководство. Классическое издание;Шилдт Герберт;Диалектика:;3 500;7 778;–55 %
NGINX. Книга рецептов. Продвинутые рецепты высокопроизводительной   балансировки нагрузки;Де Йонге Дерек;ДМК-Пресс:;696;1 547;–55 %
Как стать хакером;Притяну Эдриан;ДМК-Пресс:;1 161;2 580;–55 %
Шаблоны проектирования для облачной среды;Дэвис Корнелия;ДМК-Пресс:;1 393;3 095;–55 %
SQL для чайников;Тейлор Аллен Дж.;"Диалектика:Для ""чайников""";1 400;3 112;–55 %
Введение в архитектуру программного обеспечения. Учебное пособие;Гагарина;Форум:Среднее профессиональное образование;1 341;2 981;–55 %
Архитекторы интеллекта. Вся правда об искусственном интеллекте от его создателей;Форд Мартин;Питер:Библиотека программиста;1 144;1 467;–22 %
Глубокое обучение и игра в го;Памперла;ДМК-Пресс:;1 509;3 354;–55 %
Разработка игр на Unreal Engine 4 за 24 часа;Куксон;Бомбора:Мировой компьютерный бестселлер;2 135;2 925;–27 %
Основы объектно-ориентированного программирования на базе языка С#. Учебное пособие;Залогова Любовь Алексеевна;Лань:Учебники для вузов. Специальная литература;707;1 572;–55 %
Квантовые вычисления для настоящих айтишников;Бернхард Крис;Питер:Библиотека программиста;1 160;1 487;–22 %
1400 задач по программированию;Златопольский Дмитрий Михайлович;ДМК-Пресс:;466;1 035;–55 %
Бессерверные приложения на JavaScipt;Стоянович;ДМК-Пресс:;1 335;2 966;–55 %
Head First. Kotlin;Гриффитс;Питер:Head First (O'Reilly);2 419;3 101;–22 %
Алгоритмы и программы. Язык С++. Учебное пособие;Конова;Лань:Учебники для вузов. Специальная литература;1 176;2 613;–55 %
Программирование в среде Delphi. Создание проектов. Учебное пособие;Саблукова Наталья Геннадьевна;Лань:Учебники для вузов. Специальная литература;209;464;–55 %
Программирование в среде Delphi. Основные команды. Первые проекты;Саблукова Наталья Геннадьевна;Лань:Учебники для вузов. Специальная литература;329;732;–55 %
Основы алгоритмизации и программирования на языке Microsoft Visual Basic. Учебное пособие;Гуриков Сергей Ростиславович;ИНФРА-М:Среднее профессиональное образование;2 322;5 159;–55 %
MATLAB 6.5 SP1/7/7 SP1/7 SP2 + Simulink 5/6. Инструменты искусственного интеллекта и биоинформатики;Дьяконов;Солон-пресс:Библиотека профессионала;1 034;2 297;–55 %
Компьютерный анализ и моделирование электрических цепей переменного тока в среде MATLAB;Информация не найдена;Солон-пресс:Библиотека студента;224;498;–55 %
Компьютерный анализ и моделирование электрических цепей переменного тока в среде MATLAB;Информация не найдена;Солон-пресс:Библиотека студента;353;784;–55 %
Компьютерный анализ и моделирование электрических цепей постоянного тока в среде MATLAB;Информация не найдена;Солон-пресс:Библиотека студента;147;327;–55 %
Компьютерный анализ и моделирование электрических цепей постоянного тока в среде MATLAB;Информация не найдена;Солон-пресс:Библиотека студента;353;784;–55 %
Компьютерный анализ четырехполюсников с помощью MATLAB;Информация не найдена;Солон-пресс:Библиотека студента;496;1 103;–55 %
Компьютерный анализ четырехполюсников с помощью MATLAB;Информация не найдена;Солон-пресс:Библиотека студента;197;438;–55 %
Компьютерный спектральный анализ сигналов с помощью MATLAB;Информация не найдена;Солон-пресс:Библиотека студента;413;918;–55 %
Компьютерный спектральный анализ сигналов с помощью MATLAB;Информация не найдена;Солон-пресс:Библиотека студента;186;414;–55 %
VHDL. Справочное пособие по основам языка;Бабак;ДМК-Пресс:Программируемые системы;580;1 289;–55 %
Глубокое обучение в биологии и медицине;Рамсундар;ДМК-Пресс:;813;1 806;–55 %
Современный язык Java. Лямбда-выражения, потоки и функциональное программирование;Урма;Питер:Для профессионалов;2 103;2 696;–22 %
Программирование на языке высокого уровня. Программирование на языке Object Pascal. Учебное пособие;Немцова;Форум:Высшее образование: Бакалавриат;1 971;4 381;–55 %
Математическое программирование. Учебное пособие;Ржевский Сергей Владимирович;Лань:Учебники для вузов. Специальная литература;1 706;3 791;–55 %
Практика нейросетевого моделирования. Учебное пособие;Хливненко;Лань:Учебники для вузов. Специальная литература;1 119;2 487;–55 %
Python и анализ данных;Маккини Уэс;ДМК-Пресс:;1 746;3 881;–55 %
Алгоритмы эволюционной оптимизации;Саймон Дэн;ДМК-Пресс:;2 587;5 749;–55 %
Прикладные задачи оптимизации. Модели, методы, алгоритмы;Струченков Валерий Иванович;Солон-пресс:Библиотека профессионала;523;1 163;–55 %
Машинный интеллект. Очерки по теории машинного обучения и искусственного интеллекта;Шумский Сергей Александрович;РИОР:Наука и практика;1 517;3 370;–55 %
C#. Программирование 2D и 3D векторной графики (+CD);Тюкачев;Лань:Учебники для вузов. Специальная литература;1 374;3 053;–55 %
Клиентские технологии веб-дизайна. HTML5 и CSS3. Учебное пособие;Диков Андрей Валентинович;Лань:Учебники для вузов. Специальная литература;996;2 214;–55 %
Технология разработки программного обеспечения. Учебное пособие;Зубкова Татьяна Михайловна;Лань:Учебники для вузов. Специальная литература;1 423;3 162;–55 %
C++ за 21 день;Рао Сиддхартха;Диалектика:;3 258;7 240;–55 %
Docker на практике;Миллан;ДМК-Пресс:;2 070;4 600;–55 %
Swift подробно;Чейрд Инт Вейн;ДМК-Пресс:;1 684;3 742;–55 %
Оптимизация программ на C++. Проверенные методы повышения производительности;Гантерот Курт;Диалектика:;2 573;5 717;–55 %
Компьютерное моделирование полупроводниковых систем в MatLab 6.0. Учебное пособие;Герман-Галкин Сергей Германович;Корона-Принт:Учебное пособие;251;558;–55 %
Идиомы и паттерны проектирования в современном С++;Пикус Федор Г.;ДМК-Пресс:;1 422;3 161;–55 %
Основы тестирования и верификации программного обеспечения;Старолетов Сергей Михайлович;Лань:Учебники для вузов. Специальная литература;1 730;3 844;–55 %
Изучаем Python. Том 1;Лутц Марк;Диалектика:;3 258;7 240;–55 %
Mathematica 5/6/7. Полное руководство;Дьяконов Владимир Павлович;ДМК-Пресс:Математика и Matlab;1 044;2 321;–55 %
Git для профессионального программиста;Чакон;Питер:Библиотека программиста;1 428;1 831;–22 %
C++. Базовый курс;Шилдт Герберт;Вильямс:;2 573;5 717;–55 %
Моделирование объектов управления в MatLab. Учебное пособие;Затонский;Лань:Учебники для вузов. Специальная литература;890;1 978;–55 %
Основы алгоритмизации и программирования (ОП.04). Практикум;Серкова Екатерина Геннадьевна;Феникс:Среднее профессиональное образование;589;;
Компиляторы. Принципы, технологии и инструментарий;Ахо;Диалектика:;6 210;13 800;–55 %
Архитектура вычислительных систем и Ассемблер;Гагарина;Солон-пресс:Библиотека студента;639;1 421;–55 %
Delphi. Программирование в примерах и задачах. Практикум: Учебное пособие;Милорадов;РИОР:Высшее образование;481;1 069;–55 %
Delphi. Программирование в примерах и задачах. Практикум. Учебное пособие;Милорадов;РИОР:Среднее профессиональное образование;549;1 219;–55 %
Java. Эффективное программирование;Блох Джошуа;Вильямс:;2 955;6 567;–55 %
Создаем динамические веб-сайты с помощью PHP, MySQL, JavaScript, CSS и HTML5;Никсон Робин;Питер:Бестселлеры O`Reilly;2 536;3 251;–22 %
Kubernetes в действии;Лукша Марко;ДМК-Пресс:;2 070;4 600;–55 %
Эффективный и современный С++. 42 рекомендации по использованию C++11 и C++14;Мейерс Скотт;Диалектика:;2 573;5 717;–55 %
Изучаем регулярные выражения;Форта Бен;Вильямс:;1 030;2 288;–55 %
Пользовательские истории. Гибкая разработка программного обеспечения;Кон Майк;Диалектика:;2 334;5 186;–55 %
Python. Экспресс-курс;Седер Наоми;Питер:Библиотека программиста;1 885;2 417;–22 %
Архитектура компьютера;Таненбаум;Питер:Классика computer science;2 028;2 600;–22 %
Java. Руководство для начинающих;Шилдт Герберт;Диалектика:;2 955;6 567;–55 %
Алгоритмы. Построение и анализ;Кормен;Диалектика:;7 453;16 562;–55 %
Изучай Erlang во имя добра!;Хеберт Фред;ДМК-Пресс:;1 044;2 321;–55 %
Программируй на Haskell;Курт Уилл;ДМК-Пресс:Функциональное программирование;1 811;4 024;–55 %
"Конфигурирование и моделирование в системе ""1С: Предприятие"". Учебник";Дадян Эдуард Григорьевич;ИНФРА-М:Высшее образование. Магистратура;2 144;4 765;–55 %
Алгоритмы на C++;Седжвик Роберт;Вильямс:;4 666;10 368;–55 %
Теоретический минимум по Big Data. Всё что нужно знать о больших данных;Ын;Питер:Библиотека программиста;898;1 151;–22 %
Основы программирования на языке Python;Златопольский Дмитрий Михайлович;ДМК-Пресс:;696;1 547;–55 %
Методы научных исследований в программной инженерии;Пантелеев Евгений Рафаилович;Лань:Учебники для вузов. Специальная литература;556;1 236;–55 %
Структуры данных в C#. Линейные и нелинейные динамические структуры. Учебное пособие;Симонова Елена Витальевна;Лань:Учебники для вузов. Специальная литература;725;1 612;–55 %
Программируем на Python;Доусон Майкл;Питер:;1 258;1 613;–22 %
HTML5. Карманный справочник;Роббинс Дженнифер;Вильямс:;1 030;2 288;–55 %
Искусство программирования. Том 4А. Комбинаторные алгоритмы. Часть 1;Кнут Дональд Эрвин;Вильямс:;4 666;10 368;–55 %
Практика программирования;Керниган;Вильямс:;1 789;3 976;–55 %
Введение в системы баз данных;Дейт К. Дж.;Диалектика:;4 968;11 040;–55 %
Эволюционная архитектура. Поддержка непрерывных изменений;Форд;Питер:Бестселлеры O`Reilly;1 210;1 551;–22 %
Unity в действии. Мультиплатформенная разработка на C#;Хокинг Джозеф;Питер:Для профессионалов;1 364;1 749;–22 %
Решение задач на современном C++;Бансила Мариус;ДМК-Пресс:;1 035;2 301;–55 %
Философия Java;Эккель Брюс;Питер:Классика computer science;2 531;3 245;–22 %
Python для сложных задач. Наука о данных и машинное обучение;Плас Дж. Вандер;Питер:Бестселлеры O`Reilly;1 892;2 425;–22 %
Разработка программных приложений в среде BlackBox. Учебное пособие;Болотнов Анатолий Миронович;Лань:Учебники для вузов. Специальная литература;720;1 601;–55 %
Технологии интеллектуального анализа данных. Учебное пособие;Макшанов;Лань:Учебники для вузов. Специальная литература;949;2 109;–55 %
Осваиваем C++17 STL. Используйте компоненты стандартной библиотеки в C++17 STL в полной мере;О`Двайр Артур;ДМК-Пресс:;1 277;2 837;–55 %
Язык программирования C;Керниган;Вильямс:;1 400;3 112;–55 %
Построение систем машинного обучения на языке Python;Коэльо;ДМК-Пресс:;906;2 013;–55 %
Head First. Паттерны проектирования. Обновленное юбилейное издание;Фримен;Питер:Head First (O'Reilly);1 799;2 306;–22 %
C# для профессионалов. Тонкости программирования;Скит Джон;Вильямс:;3 858;8 574;–55 %
Python. Карманный справочник;Лутц Марк;Диалектика:;1 030;2 288;–55 %
Искусство программирования. Том 1. Основные алгоритмы;Кнут Дональд Эрвин;Вильямс:;4 544;10 097;–55 %
Язык программирования C. Лекции и упражнения;Прата Стивен;Диалектика:;4 544;10 097;–55 %
C# 4.0. Полное руководство;Шилдт Герберт;Диалектика:;2 955;6 567;–55 %
Реализация методов предметно-ориентированного проектирования;Вернон Вон;Диалектика:;3 500;7 778;–55 %
Веб-программирование для чайников;Никхил Абрахам;"Диалектика:Для ""чайников""";1 544;3 431;–55 %
Язык программирования Go;Керниган;Диалектика:;1 972;4 383;–55 %
Angular. Сборник рецептов;Фрисби Мэтт;Вильямс:;1 286;2 858;–55 %
Java. Полное руководство;Шилдт Герберт;Вильямс:;4 715;10 478;–55 %
Компиляторы. Краткий справочник;Хантер Робин;Вильямс:;772;1 715;–55 %
Java Persistence API и Hibernate;Бауэр;ДМК-Пресс:;1 277;2 837;–55 %
Байесовские модели. Байесовская статистика на языке Python;Дауни Аллен Б.;ДМК-Пресс:;813;1 806;–55 %
Разработка чат-ботов и разговорных интерфейсов;Джанарсанам Срини;ДМК-Пресс:;929;2 064;–55 %
CLR via C#. Программирование на платформе Microsoft .NET Framework 4.5 на языке C#. 4-е издание;Рихтер Джеффри;Питер:Мастер-класс;2 157;2 766;–22 %
Грокаем алгоритмы. Иллюстрированное пособие для программистов и любопытствующих;Бхаргава Адитья;Питер:Библиотека программиста;945;1 211;–22 %
Стандартная библиотека Python 3. Справочник с примерами;Хеллман Даг;Диалектика:;4 715;10 478;–55 %
Олимпиадное программирование;Лааксонен Антти;ДМК-Пресс:;900;2 000;–55 %
Язык декларативного программирования XAML;Подбельский Вадим Валерьевич;ДМК-Пресс:;970;2 155;–55 %
Математика на Python. Часть 1. Элементы линейной алгебры;Александрова;Прометей:;242;537;–55 %
Облачные технологии поддержки решения задач анализа безубыточности. Монография;Смирнов Денис Евгеньевич;Прометей:;268;596;–55 %
Программист-фанатик;Фаулер Чед;Питер:Библиотека программиста;687;881;–22 %
C# 7 и .NET Core. Кросс-платформенная разработка для профессионалов;Прайс Марк Дж.;Питер:Библиотека программиста;2 025;2 596;–22 %
Компьютерные вирусы и антивирусы: взгляд программиста;Климентьев Константин Евгеньевич;ДМК-Пресс:Профессиональное программирование;1 035;2 301;–55 %
Прикладное программирование. Учебное пособие;Никифоров Сергей Николаевич;Лань:Учебники для вузов. Специальная литература;621;1 381;–55 %
Программирование на C# для начинающих. Основные сведения;Васильев Алексей Николаевич;Бомбора:Российский компьютерный бестселлер;1 124;1 540;–27 %
Алгоритмы для чайников;Массарон;"Диалектика:Для ""чайников""";1 544;3 431;–55 %
Хакинг. Искусство эксплойта;Эриксон Джон;Питер:;1 810;2 321;–22 %
Глубокое обучение на Python;Шолле Франсуа;Питер:Библиотека программиста;1 612;2 067;–22 %
C# 7.0. Справочник. Полное описание языка;Албахари;Диалектика:;3 258;7 240;–55 %
Java SE 9. Базовый курс;Хорстманн Кей С.;Диалектика:;2 955;6 567;–55 %
LabVIEW в научных исследованиях;Евдокимов;ДМК-Пресс:Все о LabVIEW;970;2 155;–55 %
Python. Разработка на основе тестирования;Персиваль Гарри;ДМК-Пресс:;1 974;4 386;–55 %
Чистый код. Создание, анализ и рефакторинг;Мартин Роберт С.;Питер:;824;1 056;–22 %
Разработка одностраничных веб-приложений;Миковски;ДМК-Пресс:;929;2 064;–55 %
Теоретический минимум по Computer Science. Все что нужно программисту и разработчику;Феррейра Фило Владстон;Питер:Библиотека программиста;853;1 094;–22 %
Программирование искусственного интеллекта в приложениях;Джонс М. Тим;ДМК-Пресс:Для программистов;580;1 289;–55 %
Программирование на Ардуино. От простого к сложному;Мамичев Дмитрий Иванович;Солон-пресс:Радиоэлектроника;583;1 296;–55 %
Запускаем Ansible;Хохштейн;ДМК-Пресс:;1 422;3 161;–55 %
Современный Java. Рецепты программирования;Коузен Кен;ДМК-Пресс:;929;2 064;–55 %
Сам себе программист. Как научиться программировать и устроиться в Ebay?;Альтхофф Кори;Бомбора:Мировой компьютерный бестселлер;734;1 006;–27 %
Программное обеспечение геодезии, фотограм, кадастра, инж.из.;Браверман Борис Аронович;Инфра-Инженерия:;715;1 589;–55 %
Собираем устройства для тестов на проникновение;Бирюков Андрей Александрович;ДМК-Пресс:;870;1 934;–55 %
Java. Карманный справочник;Лигуори;Вильямс:;1 166;2 592;–55 %
Чистая архитектура. Искусство разработки программного обеспечения;Мартин Роберт С.;Питер:Библиотека программиста;1 023;1 311;–22 %
Swift. Основы разработки приложений под iOS и macOS;Усов Василий;Питер:;831;1 065;–22 %
Объектно Ориентированное Программирование;Гаско Рик;Солон-пресс:Программирование;855;1 901;–55 %
Простая Математика для Простых Программистов;Гаско Рик;Солон-пресс:Программирование;691;1 535;–55 %
Простой учебник программирования;Гаско Рик;Солон-пресс:Программирование;635;1 411;–55 %
Потоковая обработка данных. Конвейер реального времени;Пселтис Эндрю Дж.;ДМК-Пресс:;870;1 934;–55 %
Java для чайников;Берд Барри;"Диалектика:Для ""чайников""";1 789;3 976;–55 %
Психбольница в руках пациентов. Алан Купер об интерфейсах;Купер Алан;Питер:Библиотека программиста;1 401;1 796;–22 %
Высоконагруженные приложения. Программирование, масштабирование, поддержка;Клеппман Мартин;Питер:Бестселлеры O`Reilly;2 716;3 482;–22 %
Глубокое обучение с точки зрения практика;Паттерсон;ДМК-Пресс:;1 509;3 354;–55 %
Думай как программист. Креативный подход к созданию кода. C++ версия;Спрол Антон;Бомбора:Мировой компьютерный бестселлер;777;1 064;–27 %
Релевантный поиск с использованием Elasticsearch и Solr;Тарнбулл;ДМК-Пресс:;1 422;3 161;–55 %
Программирование на языке Rust. Цветное издание;Блэнди;ДМК-Пресс:;1 974;4 386;–55 %
Алгоритмы для начинающих. Теория и практика для разработчика;Луридас Панос;Бомбора:Мировой компьютерный бестселлер;1 219;1 670;–27 %
Язык С в XXI веке;Клеменс Бен;ДМК-Пресс:;1 229;2 730;–55 %
Android. Сборник рецептов. Задачи и решения для разработчиков приложений;Дарвин Ян Ф.;Диалектика:;2 955;6 567;–55 %
Официальное руководство Cisco по подготовке к сертификационным экзаменам CCENT/CCNA ICND1 100-105;Одом Уэнделл;Вильямс:;6 210;13 800;–55 %
Теория и практика делового общения для разработчиков программного обеспечения и IT-менеджеров;Абельская Раиса Шолемовна;Флинта:;183;407;–55 %
Анализ социальных медиа на Python;Бонцанини Марко;ДМК-Пресс:;1 035;2 301;–55 %
Глубокое обучение (цветная);Бенджио;ДМК-Пресс:;2 322;5 159;–55 %
Прямые и обратные задачи восстановления изображений, спектроскопии и томографии с MatLab (+CD);Сизиков Валерий Сергеевич;Лань:Учебники для вузов. Специальная литература;1 811;4 024;–55 %
Функциональное программирование на JavaScript. Как улучшить код JavaScript-программ;Атенсио Луис;Вильямс:;2 334;5 186;–55 %
Разработка операционной системы и компилятора. Проект Оберон;Вирт;ДМК-Пресс:Классика программирования;1 035;2 301;–55 %
CodeVisionAVR. Пособие для начинающих;Лебедев Михаил Борисович;ДМК-Пресс:Программируемые системы;813;1 806;–55 %
Как написать безопасный код на С++, Java, Perl, PHP, ASP.NET;Ховард;ДМК-Пресс:;646;1 436;–55 %
Scala. Профессиональное программирование;Одерски;Питер:Библиотека программиста;2 363;3 029;–22 %
Искусство алгоритмизации;Потопахин Виталий Валерьевич;ДМК-Пресс:;638;1 417;–55 %
Java 9. Полный обзор нововведений;Кишори Шаран;ДМК-Пресс:Программирование;1 294;2 875;–55 %
Kotlin в действии;Жемеров;ДМК-Пресс:;1 161;2 580;–55 %
Конкурентное программирование на Scala;Прокопец Александр;ДМК-Пресс:;1 099;2 443;–55 %
Крупномасштабное машинное обучение вместе с Python;Шарден;ДМК-Пресс:;929;2 064;–55 %
Пользовательские истории. Гибкая разработка программного обеспечения;Кон Майк;Диалектика:;2 334;5 186;–55 %
Архитектура компьютера;Таненбаум;Питер:Классика computer science;2 028;2 600;–22 %
Java. Руководство для начинающих;Шилдт Герберт;Диалектика:;2 955;6 567;–55 %
Алгоритмы. Построение и анализ;Кормен;Диалектика:;7 453;16 562;–55 %
Изучай Erlang во имя добра!;Хеберт Фред;ДМК-Пресс:;1 044;2 321;–55 %
Программируй на Haskell;Курт Уилл;ДМК-Пресс:Функциональное программирование;1 811;4 024;–55 %
"Конфигурирование и моделирование в системе ""1С: Предприятие"". Учебник";Дадян Эдуард Григорьевич;ИНФРА-М:Высшее образование. Магистратура;2 144;4 765;–55 %
Алгоритмы на C++;Седжвик Роберт;Вильямс:;4 666;10 368;–55 %
Python. Справочник. Полное описание языка;Мартелли;Диалектика:;3 258;7 240;–55 %
Теоретический минимум по Big Data. Всё что нужно знать о больших данных;Ын;Питер:Библиотека программиста;898;1 151;–22 %
Основы программирования на языке Python;Златопольский Дмитрий Михайлович;ДМК-Пресс:;696;1 547;–55 %
Методы научных исследований в программной инженерии;Пантелеев Евгений Рафаилович;Лань:Учебники для вузов. Специальная литература;556;1 236;–55 %
Структуры данных в C#. Линейные и нелинейные динамические структуры. Учебное пособие;Симонова Елена Витальевна;Лань:Учебники для вузов. Специальная литература;725;1 612;–55 %
Программируем на Python;Доусон Майкл;Питер:;1 258;1 613;–22 %
HTML5. Карманный справочник;Роббинс Дженнифер;Вильямс:;1 030;2 288;–55 %
Искусство программирования. Том 4А. Комбинаторные алгоритмы. Часть 1;Кнут Дональд Эрвин;Вильямс:;4 666;10 368;–55 %
Практика программирования;Керниган;Вильямс:;1 789;3 976;–55 %
Введение в системы баз данных;Дейт К. Дж.;Диалектика:;4 968;11 040;–55 %
Эволюционная архитектура. Поддержка непрерывных изменений;Форд;Питер:Бестселлеры O`Reilly;1 210;1 551;–22 %
Unity в действии. Мультиплатформенная разработка на C#;Хокинг Джозеф;Питер:Для профессионалов;1 364;1 749;–22 %
Решение задач на современном C++;Бансила Мариус;ДМК-Пресс:;1 035;2 301;–55 %
Философия Java;Эккель Брюс;Питер:Классика computer science;2 531;3 245;–22 %
Python для сложных задач. Наука о данных и машинное обучение;Плас Дж. Вандер;Питер:Бестселлеры O`Reilly;1 892;2 425;–22 %
Разработка программных приложений в среде BlackBox. Учебное пособие;Болотнов Анатолий Миронович;Лань:Учебники для вузов. Специальная литература;720;1 601;–55 %
Технологии интеллектуального анализа данных. Учебное пособие;Макшанов;Лань:Учебники для вузов. Специальная литература;949;2 109;–55 %
Осваиваем C++17 STL. Используйте компоненты стандартной библиотеки в C++17 STL в полной мере;О`Двайр Артур;ДМК-Пресс:;1 277;2 837;–55 %
Язык программирования C;Керниган;Вильямс:;1 400;3 112;–55 %
Построение систем машинного обучения на языке Python;Коэльо;ДМК-Пресс:;906;2 013;–55 %
Head First. Паттерны проектирования. Обновленное юбилейное издание;Фримен;Питер:Head First (O'Reilly);1 799;2 306;–22 %
C# для профессионалов. Тонкости программирования;Скит Джон;Вильямс:;3 858;8 574;–55 %
Python. Карманный справочник;Лутц Марк;Диалектика:;1 030;2 288;–55 %
Искусство программирования. Том 1. Основные алгоритмы;Кнут Дональд Эрвин;Вильямс:;4 544;10 097;–55 %
Шаблоны интеграции корпоративных приложений. Проектирование, создание и развертывание решений;Хоп;Диалектика:;4 544;10 097;–55 %
Язык программирования C. Лекции и упражнения;Прата Стивен;Диалектика:;4 544;10 097;–55 %
C# 4.0. Полное руководство;Шилдт Герберт;Диалектика:;2 955;6 567;–55 %
Реализация методов предметно-ориентированного проектирования;Вернон Вон;Диалектика:;3 500;7 778;–55 %
Веб-программирование для чайников;Никхил Абрахам;"Диалектика:Для ""чайников""";1 544;3 431;–55 %
Язык программирования Go;Керниган;Диалектика:;1 972;4 383;–55 %
Angular. Сборник рецептов;Фрисби Мэтт;Вильямс:;1 286;2 858;–55 %
Java. Полное руководство;Шилдт Герберт;Вильямс:;4 715;10 478;–55 %
Компиляторы. Краткий справочник;Хантер Робин;Вильямс:;772;1 715;–55 %
Шаблоны C++. Справочник разработчика;Вандевурд;Диалектика:;3 258;7 240;–55 %
Java Persistence API и Hibernate;Бауэр;ДМК-Пресс:;1 277;2 837;–55 %
Байесовские модели. Байесовская статистика на языке Python;Дауни Аллен Б.;ДМК-Пресс:;813;1 806;–55 %
Разработка чат-ботов и разговорных интерфейсов;Джанарсанам Срини;ДМК-Пресс:;929;2 064;–55 %
CLR via C#. Программирование на платформе Microsoft .NET Framework 4.5 на языке C#. 4-е издание;Рихтер Джеффри;Питер:Мастер-класс;2 157;2 766;–22 %
Грокаем алгоритмы. Иллюстрированное пособие для программистов и любопытствующих;Бхаргава Адитья;Питер:Библиотека программиста;945;1 211;–22 %
Ядро ORACLE. Внутреннее устройство для администраторо и разработчиков баз данных;Льюис Джонатан;ДМК-Пресс:;1 103;2 450;–55 %
Идеальный программист. Как стать профессионалом разработки ПО;Мартин Роберт С.;Питер:;752;964;–22 %
Apache Kafka. Потоковая обработка и анализ данных;Нархид;Питер:Бестселлеры O`Reilly;1 594;2 043;–22 %
Site Reliability Engineering. Надежность и безотказность как в Google;Бейер;Питер:Бестселлеры O`Reilly;2 179;2 793;–22 %
Akka в действии;Рестенбург;ДМК-Пресс:;1 161;2 580;–55 %
Искусство создания сценариев в Unity;Торн Алан;ДМК-Пресс:;929;2 064;–55 %
Основы работы с технологией CUDA;Боресков;ДМК-Пресс:;466;1 035;–55 %
WebGL. Программирование трехмерной графики;Мацуда;ДМК-Пресс:;929;2 064;–55 %
Чистый Python. Тонкости программирования для профи;Бейдер Дэн;Питер:Библиотека программиста;1 419;1 819;–22 %
Введение в распределенное моделирование в среде NetLogo;Ершов Николай Михайлович;ДМК-Пресс:;1 164;2 587;–55 %
Искусственный интеллект .NET. Речь, язык и поиск;Патак;ДМК-Пресс:;1 035;2 301;–55 %
Элегантный SciPy;Нуньес-Иглесиас;ДМК-Пресс:;1 103;2 450;–55 %
